author,keyword,link,publish_date,source,title,cleaned_content,is_valid
,longsor tabanan bali,https://www.cnnindonesia.com/nasional/20250912072515-32-1272805/fakta-fakta-banjir-besar-bali-16-tewas-ada-masalah-alih-fungsi-lahan,2025-09-12 08:18:00,cnnindonesia.com,"




",judul author tanggal jumat 12 sep 2025 0818 wib daftar isi 16 tewas dan 1 hilang 7 kabupatenkota terdampak masalah alih fungsi lahan status tanggap darurat jakarta cnn indonesia bencana banjir melanda sejumlah wilayah di provinsi bali pada rabu 109 imbas hujan deras yang mengguyur daerah tersebuthingga kamis 119 kemarin proses evakuasi dan penanganan pascabanjir masih terus dilakukan oleh pihak terkait bersama masyarakatcnnindonesiacom telah merangkum sejumlah fakta terkait banjir besar yang menerjang pulau dewata itu sebagai berikut 16 tewas dan 1 hilangbadan nasional penanggulangan bencana bnpb menyatakan total korban meninggal akibat banjir di bali bertambah dari 14 orang menjadi 16 orang dan semua sudah dievakuasi tim petugas gabungankepala pusat data informasi dan komunikasi kebencanaan bnpb abdul muhari di jakarta kamis malam mengatakan bahwa data tersebut diperoleh berdasarkan laporan tim petugas gabungan yang menyatakan satu dari dua korban hilang berhasil ditemukan sore tadi sehingga total korban meninggal dunia menjadi 16 orang satu masih dilaporkan hilang kata dialihat juga update banjir bali korban meninggal bertambah jadi 16 orangbnpb mengkonfirmasi rincian korban meninggal meliputi 10 orang di kota denpasar dua orang di kabupaten jembrana tiga orang di kabupaten gianyar dan satu orang di kabupaten badungselain itu bpbd provinsi bali juga mencatat ada 562 warga yang mengungsi hingga hari ini dengan rincian 327 warga di kabupaten jembrana dan 235 warga di kota denpasar fasilitas umum seperti sekolah balai desa musala dan banjar dimanfaatkan sebagai pos pengungsian sementara7 kabupatenkota terdampakbnpb menyebut bencana banjit itu dilaporkan terjadi di 120 titik di kabupaten dan kota di balirinciannya kota denpasar dengan 81 titik kabupaten gianyar terdapat 14 titik kabupaten badung 12 titik kabupaten tabanan delapan titik kabupaten karangasem dan jembrana masingmasing empat titik kemudian kabupaten klungkung banjir berdampak di kecamatan dawansedangkan tanah longsor sebanyak 12 titik terdapat di kabupaten karangasem lima titik di kabupaten gianyar dan satu titik di kabupaten badungmasalah alih fungsi lahangubernur bali wayan koster menepis banjir yang melanda bali khususnya kota denpasar disebabkan alih fungsi lahan koster berdalih alih fungsi lahan hanya terjadi di kawasan kuta utara kabupaten badung dan di kawasan kabupaten gianyar balienggak juga alih fungsi lahan kan di badung di gianyar di badung kan di daerahdaerah kuta utara ini kan hulunya jauh bukan alih fungsi lahan ini lintasan sungainya kan di kuta hilirnya kan di sini ujarnyakoster menyebut pihaknya akan mengevaluasi terkait bencana banjir besar yang terjadi di wilayah kota denpasar kata dia pihaknya bakal mengecek atau menelusuri sungaisungai besar di bali khususnya di kawasan kota denpasar terutama sungai tukad badung balinamun direktur eksekutif wahana lingkungan hidup indonesia walhi bali made krisna dinata alias bokis membantah koster soal tidak ada alih fungsi lahan di kota denpasarsalah satu data atau acuan kami terkait dengan alih fungsi lahan di denpasar yang kita lihat dari spasial itu memang ada terbukti dan ada 780 lebih hektare itu yang berubah dalam kurun waktu 20182023 kata bokisjustru kita mempertanyakan kan gini sekarang oke di denpasar katanya tidak ada alih fungsi lahan apa dalilnya apa buktinya berani enggak pak koster menunjukkan ke publik ungkapnyalihat juga warga bali tewas tersetrum listrik saat banjir kepung jembranawalhi membeberkan ada 780 hektare lebih alih fungsi lahan di daerah di kota denpasar dalam rentang waktu 20182023 bokis juga menyampaikan bahwa banjir besar yang terjadi di sejumlah titik di wilayah bali karena adanya degradasi lingkungan yang ditandai dengan alih fungsi lahan khususnya lahan pertanian menjadi bangunan merupakan pemicu awal dari rentannya pulau bali terhadap bencana hari iniia menerangkan dari rentang waktu 2018 hingga 2023 perkembangan wilayah dan pertumbuhan lahan terbangun menjadi salah satu penyebab berkurangnya luasan lahan pertanian khususnya sawah di wilayah sarbagita persentase penyusutan lahan sawah berkisar antara 3 hingga 6 persen dari luas wilayah masingmasing kabupaten dan kota di balikemudian untuk kota denpasar mengalami penurunan lahan sawah sebanyak 78467 hektar atau 623 persen dari luas wilayahnya luasan sawah di kabupaten badung berkurang sebanyak 109967 hektar dan kabupaten gianyar berkurang 127697 hektaria menyatakan hilangnya lahan pertanian tentu juga akan menghilangkan fungsi dari subak atau sistem irigasi tradisional bali terutama dalam fungsinya pada sistem hidrologis alami subak memiliki fungsi sebagai saluran irigasi dan mendistribusi air yang turut menjaga dan mengatur sistem hidrologis airlihat juga analisisbanjir besar bali dan alih fungsi lahan serampanganstatus tanggap daruratkepala bnpn letjen tni suharyanto mengatakan pemerintah provinsi bali telah menetapkan tanggap darurat bencana selama satu minggu atau satu pekan usai dilanda banjir sejak rabubetul jadi bapak gubernur malam ini sudah keluarkan dan tanda tangan tadi diskusi semula tanggap darurat bencana itu akan ditetapkan dua minggu tapi karena sifat bencananya ternyata tidak terlalu besar maka akan diralat cukup menjadi satu minggu kata suharyanto rabu malamdisampaikan suharyanto pihaknya juga telah berkoordinasi untuk melakukan langkah lanjutan mulai dari perbaikan rehabilitasi rekonstruksi pascabencana disdal,True
,longsor tabanan bali,https://www.cnnindonesia.com/nasional/20250913095733-20-1273222/update-banjir-besar-bali-5-korban-hilang-146-warga-mengungsi,2025-09-13 10:05:00,cnnindonesia.com,"




",judul author tanggal sabtu 13 sep 2025 1005 wib jakarta cnn indonesia sebanyak lima orang korban banjir besar di pulau bali masih dinyatakan hilang dan pencarian terus berlangsung hingga sabtu 139i wayan suryawan selaku kepala uptd pengendalian bencana daerah bpbd provinsi bali mengatakan korban meninggal dunia tercatat 17 orang dengan 11 di antaranya di kota denpasar 3 di kabupaten gianyar 2 di kabupaten jembrana dan 1 di kabupaten badungjumlah pengungsi 146 orang tersebar pada pos di kota denpasar ujar wayan pengungsi ini tersebar diantaranya 22 orang di banjar sedana merta ubung di banjar dakdakan peguyangan jumlah 48 orang di banjar kesambi kesiman jumlah 43 orang di pulau misol jumlah 13 orang dan banjar tohpati kesiman kertalangu jumlah 20 orang ia menjelaskan hingga dalam 3 hari terakhir tercatat ada 81 titik banjir di kota denpasar 15 titik di kabupaten gianyar 12 titik di kabupaten badung 28 titik di kabupaten tabanan 63 titik di kabupaten jembrana 6 titik di kabupaten karangasemlihat juga gibran ke korban banjir di bali bapak ibu tenang semuakemudian untuk peristiwa tanah longsor tercatat ada 78 titik yaitu 23 titik di kabupaten karangasem 43 titik di kabupaten tabanan 5 titik di kabupaten gianyar 2 titik di kabupaten klungkung 1 titik di kabupaten badung 1 titik di kabupaten bangli 3 titik di kabupaten jembranasementara jembatan jebol atau putus rusak di 2 titik yaitu 1 di kabupaten gianyar 1 titik di kabupaten karangasem kemudian jalan rusak di 5 titik yaitu 2 titik di kabupaten bangli 3 titik di kabupaten karangasemselanjutnya untuk penyengker atau tembok bangunan dan saluran irigasi serta ruas jalan atau senderan jebol ada di 25 titik yaitu 15 titik di kabupaten karangasem 2 titik di kabupaten badung 3 titik di kabupaten gianyar 1 titik di kota denpasar 4 titik di kabupaten banglisebelumnya kepala pelaksana badan penanggulangan bencana daerah bpbd provinsi bali i gede agung teja bhusana yadnya mengoreksi jumlah korban meninggal dunia akibat dampak banjir dari awalnya 18 menjadi 17 orangterdapat koreksi jumlah satu orang karena pencatatan ganda kata dia pada jumat 129lihat juga kerugian banjir bali puluhan miliar gibran minta kebut perbaikan kdfvws,True
,longsor tabanan bali,https://www.cnnindonesia.com/nasional/20250916140121-20-1274259/update-korban-banjir-bali-18-tewas-4-dalam-pencarian,2025-09-16 15:10:00,cnnindonesia.com,"




",judul author tanggal selasa 16 sep 2025 1510 wib bali cnn indonesia bpbd provinsi bali mencatat 18 orang tewas akibat banjir di wilayah bali yang terjadi pada rabu 109 empat orang masih dalam pencariankorban meninggal dunia tercatat 18 orang dengan 12 di antaranya di kota denpasar tiga di kabupaten gianyar dua di kabupaten jembrana dan satu di kabupaten badung kata kepala uptd pengendalian bencana daerah bpbd provinsi bali i wayan suryawan dalam keterangan tertulisnya selasa 169suryawan mengatakan ada 521 titik banjir di antaranya 279 titik di kabupaten karangasem 81 titik di kota denpasar 63 titik di kabupaten jembrana 56 titik di kabupaten badung 28 titik di kabupaten tabanan 14 titik di kabupaten gianyar sementara untuk tanah longsor terjadi di 95 titik yaitu 44 titik di kabupaten tabanan 27 titik di kabupaten karangasem 13 titik di kabupaten badung lima titik di kabupaten gianyar tiga titik di kabupaten jembrana dua titik di kabupaten klungkung satu titik di kabupaten bangliselanjutnya kejadian pohon tumbang ada di 51 titik yaitu 17 titik di kabupaten tabanan 15 titik di kabupaten karangasem tujuh titik di kabupaten badung lima titik di kabupaten klungkung empat titik di kabupaten bangli dua titik di kabupaten gianyar satu titik di kabupaten jembrana katanya pilihan redaksihujan deras guyur denpasar sejumlah titik kembali banjirbnpb akan modifikasi cuaca di jabar dan jatimbmkg ungkap musim hujan datang lebih awal sampai kapanselain itu untuk jembatan putus atau rusak akibat banjir ada di empat titik di antaranya dua titik di kabupaten karangasem satu titik di kabupaten gianyar satu titik di kabupaten badung dan jalan jebol atau rusak ada di tujuh titik tiga titik di kabupaten badung dua titik di kabupaten bangli dua titik di kabupaten karangasemuntuk tembok bangunan dan saluran irigasi ruas jalan serta senderan jebol di 87 titik yaitu 57 titik di kabupaten badung 22 titik di kabupaten karangasem empat titik di kabupaten bangli tiga titik di kabupaten gianyar satu titik di kota denpasar imbuhnyakemudian untuk pengungsi hanya tersebar di wilayah kota denpasar sebanyak 179 orang di antaranya balai masyarakat pemaksan jero batu sri jumlah 45 orang posko jalan sutomo gang suar denpasar jumlah 68 orang posko cokroaminoto desa dauh puri kaja denpasar jumlah 44 orang dan di kantor desa tegal kerta monangmaning denpasar jumlahnya 22 oranguntuk jumlah warga mengungsi di denpasar 179 orang tersebar pada pos di wilayah kota denpasar ujarnyasebelumnya kepala badan nasional penanggulangan bencana bnpb letjen tni suharyanto mengatakan pemerintah provinsi bali telah menetapkan tanggap darurat bencana selama satu minggu atau satu pekan usai dilanda banjir di sejumlah titik rabu 109 kdfisn,True
,longsor tabanan bali,https://www.cnnindonesia.com/nasional/20250217102311-20-1199083/sepekan-cuaca-buruk-di-bali-1-orang-meninggal-2-rumah-roboh,2025-02-17 11:20:00,cnnindonesia.com,"




",judul author tanggal senin 17 feb 2025 1120 wib denpasar cnn indonesia cuaca buruk berupa hujan deras dan angin kencang melanda bali selama sepekan ini bpbd bali mencatat dalam kurun waktu 1016 februari 2025 ada 116 kejadian bencana yang mengakibatkan 1 orang meninggal dunia dan 1 lukalukaselain itu ada dua rumah roboh dan ratusan pohon tumbang di 108 titikcurah hujan yang tinggi dan angin kencang masih menjadi penyebab sedikitnya 116 kejadian dan menyebabkan satu orang korban meninggal dunia dan satu orang mengalami luka kata kalaksa bpbd bali i made rentin dalam keterangannya senin 172 rentin menjelaskan pohon tumbang ada di 108 titik yaitu 3 titik di kabupaten badung 8 titik di kabupaten buleleng 6 titik di kota denpasar 22 titik di kabupaten gianyar 10 titik di kabupaten jembrana 10 titik di kabupaten karangasem 24 titik di kabupaten klungkung dan 25 titik di kabupaten tabananlihat juga keroyok sekuriti di beach club bali wn australia jadi tersangka sementara itu dua rumah roboh berlokasi di kabupaten jembrana dan kabupaten bulelengselanjutnya tanah longsor terjadi di 4 titik di kabupaten gianyar dan 3 titik di kabupaten buleleng lalu banjir terjadi di 2 titik di kabupaten bulelengtotal kerugian akibat kejadian bencana ini mencapai rp138 miliardengan semakin seringnya kejadian bencana bpbd provinsi bali mengajak seluruh masyarakat untuk meningkatkan kapasitas dan kesiapsiagaan dalam menghadapi potensi bencana demi mewujudkan bali yang tangguh bencana kata rentin kdftsa,True
,longsor tabanan bali,https://www.cnnindonesia.com/gaya-hidup/20241218102022-269-1178622/bali-dibayangi-bencana-alam-jelang-libur-nataru,2024-12-18 13:15:00,cnnindonesia.com,"




",judul author tanggal rabu 18 des 2024 1315 wib jakarta cnn indonesia bali dibayangi bencana alam menjelang libur natal dan tahun baru nataru alih fungsi lahan yang kian masif di bali disoroti oleh pengamatbadan penanggulangan bencana daerah bpbd bali mencatat setidaknya terdapat tiga bencana banjir dan empat tanah longsor di pulau dewata dalam sepekan terakhir dari tanggal 9 hingga 16 desember 2024menurut pengamat tata ruang dan perkotaan dari universitas udayana unud putu rumawan salain masifnya alih fungsi lahan di bali menjadi salah satu penyebab bencana banjir dan tanah longsor saat musim hujan dia menilai banyak lahan pertanian hingga sempadan sungai di pulau dewata yang beralih fungsi untuk pemukiman maupun kepentingan industri pariwisatabanyak peralihan fungsi lahan sawah tegal itu beralih fungsi bahkan sampai kepada pinggirpinggir sungai maupun danau itu semua dimanfaatkan untuk kepentingan penunjang pariwisata sampai ke perumahan jelas rumawan seperti dikutip dari detik selasa 1712 pilihan redaksicuaca buruk desember warga ri jangan liburan ke daerahdaerah inibali jadi destinasi paling romantis di dunia 2024bali jadi destinasi paling banyak dicari turis as di googlesalah satu contoh yang dia beberkan adalah tukad ayung yang belakangan dibangun perumahan padahal dulunya sungai itu menjadi jalur air hujan yang melimpah ke sungai ketika jadi lokasi pembangunan pengembang pun mesti membuatkan saluran air baru yang mengarah ke sungaikalau tidak tempat itu banjir berarti dia melempar banjir ke tetangga ucapnyadia berpendapat bahwa saat ini bangunan di wilayah perkotaan lebih luas dibanding dengan halaman terbuka di saat yang sama ruang terbuka hijau kian sempitdosen fakultas teknik unud itu mengatakan idealnya perlu menyiapkan paling tidak 30 persen ruang terbuka dari seluruh luas lahan yang dibangun ia menyebut luas ruang terbuka saat ini hanya tersisa sekitar 1520 persenrumawan mendorong pemerintah agar tertib disiplin menjalankan aturan tata ruang dia menyatakan banyak lahan yang dijual di bali kendati tidak cocok untuk jadi lokasi pembangunanmisalkan puluhan hektare akan menjadi pemukiman seperti di daerah tabanan itu pasti akan mengubah fungsi lahan katanyadia menyarankan pemerintah membuat saluran air yang memadai dan para pengembang pembangunan di bali perlu menghitung limpahan air ketika musim hujankalau lahannya tibatiba tidak baik daya serap airnya itu bisa merusak rumah karena fondasinya terendam ujarnyabanjir sebelumnya melanda kawasan sukawati gianyar pada senin 1612 hingga membuat gajah milik bali zoo hanyut terseret arus sungai sebelum ditemukan matilalu cuaca buruk dan angin kencang di monkey forest ubud pada 10 desember lalu juga membuat sejumlah pohon tumbang hingga menimpa dua turis asing hingga tewas wiw,True
,longsor tabanan bali,https://www.cnnindonesia.com/nasional/20250912085439-20-1272818/daftar-lokasi-pengungsian-banjir-dan-kontak-darurat-bencana-di-bali,2025-09-12 09:01:00,cnnindonesia.com,"




",judul author tanggal jumat 12 sep 2025 0901 wib daftar isi denpasar jembrana kontak darurat jakarta cnn indonesia badan nasional penanggulangan bencana bnpb menyatakan total korban meninggal akibat banjir bali bertambah dari 14 orang menjadi 16 orangseluruh jenazah korban banjir bali sudah dievakuasi tim petugas gabungankepala pusat data informasi dan komunikasi kebencanaan bnpb abdul muhari mengatakan data tersebut diperoleh berdasarkan laporan tim petugas gabungan yang menyatakan satu dari dua korban hilang setelah berhasil ditemukan kamis 119 sore sehingga total korban meninggal dunia menjadi 16 orangtim reaksi cepat bpbd provinsi bali mencatat ada lebih dari 120 titik banjir yang disertai tanah longsor adapun kota denpasar menjadi wilayah dengan lokasi banjir terbanyak yakni 81 titik disusul kabupaten gianyar 14 titik badung 12 titik tabanan delapan titik karangasem dan jembrana masingmasing empat titik serta di klungkung banjir berdampak di kecamatan dawanlihat juga faktafakta banjir besar bali 16 tewas ada masalah alih fungsi lahan selain banjir tanah longsor juga dilaporkan terjadi di 18 titik dengan rincian 12 titik di karangasem lima titik di gianyar dan satu titik di badungbnpb melaporkan dalam peristiwa kebencanaan ini ada sebanyak 562 orang warga mengungsi di sejumlah titik pengungsian sementara para penyintas itu memanfaatkan posko dan sejumlah fasilitas umum seperti sekolah balai desa mushola dan banjar sebagai lokasi pengungsianpemerintah provinsi pemprov bali telah memetakan beberapa lokasi pos pengungsian korban banjir lokasi pengungsian berada di sekolah balai desa dan kelurahanberikut lokasi pos pengungsian di kabupatenkota yang dirangkum detikbalidenpasarsd 25 pemecutan denpasarbanjar sedana merta ubung denpasarbanjar dakdakan peguyangan denpasarbanjar kesambi kesiman denpasarjalan pulau misol denpasarbanjar tohpati kesiman kertalangu denpasarjembranakantor desa pengambengan jembranakantor desa yeh kuning jembranakelurahan loloan barat negara jembranadesa kaliakah negara jembranakontak daruratbpbd bali 0361251177 085792440799bpbd badung 08113894000bpbd gianyar 036189584474795632 08113884353bpbd bangli 036691448bpbd karangasem 036322173 0811384856811bpbd klungkung 03662104723000bpbd tabanan 036181117108384856811bpbd jembrana 036541166 082146559989bpbd buleleng 036223022 08113892247pmi bali 03619583035 081339474681basarnas bali 03617033000705536 081138115115bbmkg iii 0361751122 gil,True
,longsor tabanan bali,https://www.cnnindonesia.com/nasional/20250911152136-20-1272627/banjir-besar-bali-dan-alih-fungsi-lahan-serampangan,2025-09-11 15:57:00,cnnindonesia.com,"




",judul author tanggal kamis 11 sep 2025 1557 wib jakarta cnn indonesia sebagian wilayah bali porak poranda diterjang banjir besar pada rabu 109 pemerintah provinsi bali menetapkan tanggap darurat bencana selama satu minggu setelah banjir membuat kota menjadi lumpuhdata per hari ini kamis 119 pukul 1100 wib sebanyak 14 orang meninggal dunia dan 2 warga masih hilang di kota denpasar rincian korban meninggal yakni di kota denpasar 8 jiwa kabupaten jembrana 2 jiwa kabupaten gianyar 3 jiwa dan kabupaten badung 1 jiwatercatat 562 warga mengungsi rinciannya 327 warga di kabupaten jembrana dan 235 warga di kota denpasar fasilitas umum seperti sekolah balai desa musala dan banjar dimanfaatkan sebagai pos pengungsian sementara bpbd provinsi bali mencatat lebih dari 120 titik banjir yang menerjang tujuh wilayah administrasi kabupaten dan kota jumlah paling tinggi wilayah terdampak banjir berada di kota denpasar dengan 81 titiksedangkan di kabupaten gianyar terdapat 14 titik di kabupaten badung 12 titik kabupaten tabanan 8 titik kabupaten karangasem dan jembrana masingmasing 4 titik di kabupaten klungkung banjir berdampak di kecamatan dawan sedangkan untuk tanah longsor sebanyak 12 titik terdapat di kabupaten karangasem 5 titik di kabupaten gianyar dan 1 titik di kabupaten badunglihat juga 4 jenazah korban banjir ditemukan di muara waduk tukad badung balimengapa banjir di bali berdampak separah iniwahana lingkungan hidup indonesia walhi bali menuturkan banjir tersebut merupakan sebuah fenomena yang sebenarnya mengulang kembali kenyataan bahwa bali sangat rentan diterpa bencana cuaca ekstrem yang diperparah krisis lingkunganbeberapa faktor utamanya yaitu alih fungsi lahan penerapan tata ruang yang tidak selaras dengan prinsip perlindungan lingkungan serta pembangunan infrastruktur ekstraktifbencana ini merupakan bencana terbesar dalam satu dekade terakhir kata direktur walhi bali made krisna dinata kepada cnnindonesiacom kamis 119krisna mengatakan hujan deras yang dipicu fenomena gelombang ekuatorial rossby bukan menjadi faktor tunggal yang menyebabkan kerusakan parahrossby ekuator adalah fenomena atmosfer di kawasan khatulistiwa yang bergerak ke barat fenomena yang terbentuk akibat rotasi bumi dan pengaruh gaya coriolis tersebut bisa memicu pertumbuhan awan hujan serta memengaruhi intensitas hujannamun kita juga mesti objektif melihat jika pola pembangunan bali yang masif mengubah bentang alam terutama akibat pembangunan mega proyek serta infrastruktur akomodasi pariwisata adalah pemicu utama dalam menyebabkan alih fungsi lahan persawahan yang secara langsung akan mendegradasi subak ujarnyasubak adalah sistem irigasi persawahan tradisional memiliki fungsi sebagai saluran irigasi dan distribusi air yang turut menjaga dan mengatur sistem hidrologis airlihat juga tim sar gabungan temukan satu bayi yang hilang saat banjir nttkrisna mengutip pakar pertanian dan guru besar di fakultas pertanian universitas udayana yakni prof i wayan windia jumlah subak kian hari semakin berkurang dinas kebudayaan bali pada tahun 2018 mencatat jumlah subak sebanyak 1596krisna bilang bahkan saat ini ada 5 subak yang hilang di denpasar ada subak kreneng dan subak renondia mengatakan setiap 1 hektare sawah mampu menampung 3000 ton air apabila tinggi airnya 7 cmapabila lahan pertanian dan subak makin banyak berubah atau beralih fungsi menjadi bangunan tentu hal tersebut akan mengganggu sistem hidrologis air alami yang ada air menjadi tidak tertampung dan teririgasi dengan baik sehingga mendatangkan banjir seperti yang terjadi saat inijika ditambah dengan hilangnya 98 titik subak akibat beralih fungsi menjadi jalan tol maka jumlah subak akan berkurang terus menjadi 1498 subak dan apabila subak terus menghilang maka subak di tahun 2030 pasti akan habis dr made geria 2019 tutur krisnaberlanjut ke halaman berikutnya walhi bali menilai sistem mitigasi bencana yang dibangun tidak dilakukan secara serius hal itu terlihat dari masih banyak infrastruktur yang didirikan di kawasan rawan bencanamereka mempunyai catatan terdapat 12 proyek baik proyek pembangunan akomodasi pariwisata maupun proyek penunjang akomodasi pariwisata yang dibangun di kawasan rawan bencana misalnya rencana proyek pengembangan kawasan pelabuhan sangsit di buleleng dan jalan tol gilimanuk mengwibegitupun juga dengan pembangunan yang melabrak sempadan pantai dan sempadan sungai yang disebut akan mendegradasi fungsi ekologis di kawasan tersebut sehingga mampu meningkatkan potensi kerentanan terhadap bencanakrisna mengatakan proyekproyek seperti pembangunan terminal lng di kawasan mangrove maupun pembangunan jalan tol gilimanuk mengwi memang belum berjalannamun dengan melihat alih fungsi lahan secara masif yang terjadi serta besarnya bencana banjir seperti hari ini terang dia kedua proyek tersebut menjadi kontradiktif terhadap keperluan pembangunan baliapabila proyek itu terlaksana justru kita duga bali akan mendapati bencana ekologis yang lebih besar dari yang kita lihat hari ini katanyalihat juga update banjir bali 14 tewas 2 hilang 562 warga mengungsikrisna memotret penurunan dan perubahan lahan sawah di wilayah 4 kabupaten di bali yakni denpasar badung gianyar dan tabanan atau dikenal sebagai kawasan sarbagitamenurutnya perkembangan wilayah dan pertumbuhan lahan terbangun menjadi salah satu penyebab luasan lahan pertanian berkurang khususnya sawah di wilayah metropolitan sarbagita persentase penyusutan lahan sawah berkisar antara 36 persen dari luas wilayah masingmasing kabupatenkotakota denpasar mengalami penurunan lahan sawah sebanyak 78467 ha atau 623 persen dari luas wilayah luasan sawah di kabupaten badung berkurang sebanyak 109967 ha dan kabupaten gianyar berkurang 127697 ha penyusutan lahan sawah terbesar berada di kabupaten tabanan yaitu seluas 267661 hakonsekuensi dari perkembangan wilayah mengakibatkan kebutuhan lahan dan memicu terjadinya alih fungsi lahan pertanian ungkap krisna bokispembatasan pembangunan yang menyebabkan alih fungsi lahan serta memproteksi lahan persawahan hutan dan pesisir merupakan sebuah tindakan yang sangat urgen yang mesti dilakukan mengingat keadaan bali yang hingga kini semakin rentan terhadap bencana tegasnyagambasphoto cnnsementara kepala bpbd bali gede agung teja bhusana yadnya mengatakan ada banyak faktor penyebab bali dikepung banjirmulai dari intensitas hujan yang tinggi saluran air dan sungai meluap karena tidak mampu menampung volume air hujan sampah menumpuk yang mengganggu aliran air hingga dampak dari pembangunan yang masif pernyataan tersebut selaras dengan data persampahan di bali yang mengkhawatirkanmelansir institute for essential services reform iesr timbunan sampah di provinsi bali pada 2024 mencapai 12 juta ton data sistem informasi pengelolaan sampah nasional atau sipsn kota denpasar menjadi penyumbang terbesar dengan jumlah sampah sekitar 360 ribu ton dengan sampah organik yang berasal dari sisa makanan dan ranting kayu mendominasi mencapai 6832 persendirektur eksekutif iesr fabby tumiwa menuturkan timbulan sampah di bali naik 30 persen dalam kurun waktu 20002024penyebab timbulan sampah meningkat di antaranya kesadaran pengelolaan sampah di sebagian besar masyarakat yang masih kurang termasuk juga kenaikan wisatawan ke baliselain itu meski pemerintah kabupaten dan kota sudah memiliki aturan terkait sampah seperti pemilahan sampah penegakan aturan dan keterbatasan infrastruktur pengelolaan sampah serta gaya hidup konsumtif dengan penggunaan kemasan plastik sekali pakai disebut masih menjadi penyumbang meningkatnya volume sampahkenaikan timbulan sampah tidak dibarengi dengan kemampuan pengelolaan dan ketersediaan infrastruktur persampahan di bali menyebabkan fasilitas ini tidak mampu lagi menampung volume sampah yang terus meningkat kata fabby dilansir dari laman iesrlihat juga warga bali tewas tersetrum listrik saat banjir kepung jembranafabby memandang penyelesaian masalah sampah memerlukan pendekatan holistik dan terpadu dengan menekankan pada ekonomi sirkuler yaitu penegakan hukum pembangunan infrastruktur persampahan khususnya tempat pembuangan akhir tpa pemberian insentifdisinsentif ekonomi yang mencerminkan biaya pengolahan sampah serta memobilisasi partisipasi masyarakat untuk mengurangi sampah dan mengolah sampah organik di sumber atau di tingkat komunitashal tersebut mencakup dorongan bagi produsen untuk mengurangi penggunaan kemasan plastik sementara konsumen kata fabby harus didorong untuk mengadopsi gaya hidup yang tidak bergantung pada plastik dan produk plastik sekali pakai lainnya serta melakukan pengurangan dan pemilahan sampahfabby menambahkan meskipun opsi pengolahan sampah menjadi energi tersedia investasi waste to energy wte sangat mahal dan dapat membebani keuangan pemerintah daerah oleh karena itu mengurangi sampah dari sumbernya dan mengolahnya dinilai menjadi solusi yang paling ekonomistidak ada satu solusi tunggal yang bisa menyelesaikan masalah sampah di bali dibutuhkan pendekatan yang terpadu dan menyeluruh melibatkan semua pihak dari masyarakat pemerintah hingga industri ujarnyaselain itu perlu pula menanamkan pola pikir circular economy dan tanggung jawab pengelolaan sampah di masyarakat yang memahami bahwa pengolahan sampah di indonesia berbiaya sangat mahal mencapai us100ton oleh karenanya pengurangan sampah di sumber adalah pilihan yang paling murah ujarnya menambahkan mitigasi bencana dan masalah sampah baca halaman berikutnya halaman 1 2,True
,longsor tabanan bali,https://www.cnnindonesia.com/nasional/20250911121747-20-1272516/update-banjir-bali-14-tewas-2-hilang-562-warga-mengungsi,2025-09-11 12:30:00,cnnindonesia.com,"




",judul author tanggal kamis 11 sep 2025 1230 wib jakarta cnn indonesia badan nasional penanggulangan bencana bnpb mencatat 14 orang meninggal dunia dan dua lainnya masih dalam pencarian akibat banjir terjadi di provinsi balijumlah itu berdasarkan data dari pusdalops bpbd kabupaten dan kota hingga kamis 119 pukul 1100 wibtotal korban meninggal dunia yang sudah ditemukan berjumlah 14 jiwa dan yang masih dalam pencarian sebanyak dua warga kata kepala pusat data informasi dan komunikasi kebencanaan bnpb abdul muhari dalam keterangannya rincian korban meninggal yakni di kota denpasar delapan jiwa kabupaten jembrana dua jiwa kabupaten gianyar tiga jiwa dan kabupaten badung satu jiwa sementara untuk dua korban hilang teridentifikasi di kota denpasarlihat juga warga bali tewas tersetrum listrik saat banjir kepung jembrana bpbd provinsi bali juga mencatat ada 562 warga yang mengungsi hingga hari ini dengan rincian 327 warga di kabupaten jembrana dan 235 warga di kota denpasar fasilitas umum seperti sekolah balai desa musala dan banjar dimanfaatkan sebagai pos pengungsian sementarapetugas gabungan masih melakukan upaya tanggap darurat seperti pencarian korban dan pengendalian banjir dan longsor yang berdampak kepada masyarakat ucap muharidisampaikan muhari total ada tujuh kabupaten dan kota di provinsi bali yang terdampak bencana banjir dan longsorbencana banjir dilaporkan terjadi di 120 titik rinciannya kota denpasar dengan 81 titik kabupaten gianyar terdapat 14 titik kabupaten badung 12 titik kabupaten tabanan delapan titik kabupaten karangasem dan jembrana masingmasing empat titik kemudian kabupaten klungkung banjir berdampak di kecamatan dawansedangkan tanah longsor sebanyak 12 titik terdapat di kabupaten karangasem lima titik di kabupaten gianyar dan satu titik di kabupaten badungpenanganan darurat masih terus dilakukan oleh berbagai pihak di masingmasing wilayah dengan bantuan bpbd provinsi bali dan bnpb ucap muharilihat juga update terkini korban tewas dan hilang bencana banjir di balintt diskdfdal,True
,longsor tabanan bali,https://www.cnnindonesia.com/nasional/20250912063315-20-1272794/update-banjir-bali-korban-meninggal-bertambah-jadi-16-orang,2025-09-12 06:45:00,cnnindonesia.com,"




",judul author tanggal jumat 12 sep 2025 0645 wib jakarta cnn indonesia badan nasional penanggulangan bencana bnpb menyatakan total korban meninggal akibat banjir di bali bertambah dari 14 orang menjadi 16 orangseluruh jenazah korban banjir bali sudah dievakuasi tim petugas gabungankepala pusat data informasi dan komunikasi kebencanaan bnpb abdul muhari mengatakan data tersebut diperoleh berdasarkan laporan tim petugas gabungan yang menyatakan satu dari dua korban hilang setelah berhasil ditemukan kamis 119 sore sehingga total korban meninggal dunia menjadi 16 orang satu masih dilaporkan hilang kata abdul di jakarta kamis 119 malambnpb mengonfirmasi rincian korban meninggal meliputi 10 orang di kota denpasar dua orang di kabupaten jembrana tiga orang di kabupaten gianyar dan satu orang di kabupaten badung proses pencarian korban hilang masih berlangsung dengan melibatkan sedikitnya 125 personel gabungan di sejumlah titik yang diduga menjadi tempat keberadaan terakhir korbanmenurut abdul tim petugas di lapangan menyebut kondisi banjir di sebagian besar wilayah sudah surut dan saat ini fokus utama tim adalah pencarian korban hilang serta pembersihan material banjir dan penyedotan genangan air salah satunya di basemen pasar badungkondisi di bali sudah mulai normal dan terkendali kata dialihat juga analisisbanjir besar bali dan alih fungsi lahan serampanganbencana hidrometeorologi basah itu terjadi setelah bali diguyur hujan berintensitas deras yang diperparah oleh adanya gangguan gelombang ekuatorial rossby lebih dari 24 jam sejak selasa 910 pagi sebagaimana dilaporkan oleh badan meteorologi klimatologi dan geofisika bmkgtim reaksi cepat bpbd provinsi bali mencatat ada lebih dari 120 titik banjir yang disertai tanah longsoradapun kota denpasar menjadi wilayah dengan lokasi banjir terbanyak yakni 81 titik disusul kabupaten gianyar 14 titik badung 12 titik tabanan delapan titik karangasem dan jembrana masingmasing empat titik serta di klungkung banjir berdampak di kecamatan dawanselain banjir tanah longsor juga dilaporkan terjadi di 18 titik dengan rincian 12 titik di karangasem lima titik di gianyar dan satu titik di badungbnpb melaporkan dalam peristiwa kebencanaan ini ada sebanyak 562 orang warga mengungsi di sejumlah titik pengungsian sementara para penyintas itu memanfaatkan posko dan sejumlah fasilitas umum seperti sekolah balai desa mushola dan banjar sebagai lokasi pengungsianuntuk mendukung percepatan pemulihan dan menjamin kondisi penyintas di pengungsian bnpb menyalurkan bantuan logistik maupun peralatan berupa 200 lembar selimut 200 matras 300 paket sembako 50 unit tenda keluarga dua unit tenda pengungsi satu unit perahu karet dengan mesin serta tiga unit pompa airselain itu bnpb juga menjamin akan ada penyaluran bantuan dana stimulan dari pemerintah untuk rehabilitasi rumah warga yang mengalami kerusakan ringan sedang maupun berat akibat bencana ini antaragil,True
,longsor tabanan bali,https://www.cnnindonesia.com/nasional/20241230144824-20-1182296/prediksi-bmkg-sebagian-bali-hujan-saat-malam-tahun-baru,2024-12-30 15:03:00,cnnindonesia.com,"




",judul author tanggal senin 30 des 2024 1503 wib denpasar cnn indonesia balai besar meteorologi klimatologi geofisika bmkg wilayah iii denpasar bali memprediksi sebagian wilayah di pulau bali akan turun hujan dengan intensitas ringan saat pergantian malam tahun baru 20242025luh eka arisanti selaku prakirawan bmkg wilayah iii denpasar mengatakan untuk kondisi cuaca pada selasa 3112 esok pada siang hingga sore hari intensitas hujan ringan hingga lebat akan terjadi secara rata di wilayah balilihat juga rekayasa lalu lintas di dki jakarta saat malam tahun baru 2025 sementara itu pada malam harinya atau saat malam pergantian tahun kami perkirakan untuk wilayah bali bagian tengah dan bagian barat hujan dengan intensitas ringan sementara wilayah bali lainnya seperti bali bagian selatan bali bagian timur dan bali bagian utara itu secara umum berawan kata eka saat dikonfirmasi senin 3012bali bagian barat yang diprediksi hujan ringan saat malam tahun baru nanti antara lain di kabupaten jembrana sebagian wilayah kabupaten tabanan kabupaten badung bagian utara hingga di kabupaten bangli bagian utara itu yang berpotensi hujan ringan pada malam hari besok untuk wilayah bali lainnya diprediksi secara umum pada malam harinya secara umum berawan jelasnyaia juga menerangkan berdasarkan prediksi puncak musim hujan di pulau bali yang dikeluarkan oleh bmkg itu sebanyak 50 persen wilayah bali akan mengalami puncak musim hujan pada desember inikemudian 40 persennya lagi di januari 2025 dan sisanya 10 persen lagi di februari 2025 jadi desember januari dan februari itu merupakan puncak musim hujan di wilayah bali ungkapnyalihat juga rangkaian acara perayaan malam tahun baru di jakartapihaknya juga mengimbau kepada masyarakat yang merayakan malam pergantian tahun besok untuk tetap waspada terhadap cuaca ekstrem banjir atau tanah longsor masih ada peluang hujan dengan intensitas ringan hingga lebat tetapi itu pada siang hingga sore hariuntuk masyarakat yang beraktivitas di laut kami mengimbau mewaspadai tinggi gelombang laut yang mencapai dua meter yaitu di perairan selatan bali ujarnyalihat juga foto penjual terompet dan kembang api sambut tahun baru kdfwis,True
,longsor tabanan bali,https://www.cnnindonesia.com/nasional/20241212125436-20-1176558/selain-di-ubud-puluhan-pohon-di-bali-tumbang-akibat-hujan-angin,2024-12-12 14:34:00,cnnindonesia.com,"




",judul author tanggal kamis 12 des 2024 1434 wib denpasar cnn indonesia badan penanggulangan bencana daerah bpbd provinsi bali mencatat sejumlah kejadian bencana alam di provinsi bali yang terjadi pada selasa 912 akibat cuaca ekstremkepala pelaksana bpbd provinsi bali made rentin berdasarkan data yang dirangkum oleh bpbd provinsi bali serta bpbd kabupaten dan kota sebali mengatakan hujan deras dan angin kencang melanda hampir merata di seluruh daerah pulau dewata itu pada selasa 1012dan mengakibatkan sejumlah kejadian meliputi pohon tumbang dan senderan jebol kata rentin dalam keterangan tertulisnya kamis 1212 ia menerangkan untuk kejadian pohon tumbang tercatat di 54 titik di berbagai kabupaten dan kotalihat juga monkey forest ubud tutup sementara usai pohon tumbang tewaskan 2 turis rinciannya adalah di kabupaten badung ada tiga titik kabupaten klungkung 14 titik kabupaten karangasem 20 titik kabupaten gianyar 1 titik kabupaten tabanan 4 titik kabupaten buleleng 6 titik dan kabupaten jembrana 6 titikkejadian senderan longsor terjadi di 1 titik di kabupaten tabanan imbuhnyaia juga menyebut hujan deras yang mengguyur sepanjang hari dan diikuti oleh angin kencang pada selasa 1012 juga merenggut dua korban jiwa dan satu korban luka di obyek wisata monkey forest ubud tiga korban itu merupakan warga negara asing wnaestimasi kerusakan yang ditimbulkan mencapai rp 97 juta rupiah berdasarkan peringatan dini cuaca dan iklim dasarian i desember 2024 dari bbmkg wilayah iii badung bali sudah memasuki musim hujan warga dihimbau untuk mewaspadai curah hujan tinggi yang dapat menyebabkan banjir dan longsor ujarnyadengan semakin seringnya kejadian bencana bpbd provinsi bali mengajak seluruh masyarakat untuk meningkatkan kapasitas dan kesiapsiagaan dalam menghadapi potensi bencana demi mewujudkan bali yang tangguh bencana ujarnya lihat juga kronologi 2 wna tewas tertimpa pohon roboh di monkey forest ubud bali kdfkid,True
,longsor tabanan bali,https://www.cnnindonesia.com/nasional/20240309184410-20-1072596/hujan-lebat-disertai-angin-dan-petir-hantui-bali-saat-nyepi,2024-03-09 19:00:00,cnnindonesia.com,"




",judul author tanggal sabtu 09 mar 2024 1900 wib jakarta cnn indonesia balai besar meteorologi klimatologi dan geofisika bbmkg wilayah iii denpasar mengeluarkan peringatan dini soal potensi hujan dengan intensitas sedang hingga lebat disertai petir dan angin kencang berdurasi singkat di bali pada 911 maret 2024 termasuk saat hari raya nyepimasyarakat diimbau agar tetap waspada dan berhatihati kata kepala bbmkg wilayah iii denpasar cahyo nugroho di denpasar sabtu 93 seperti dikutip dari antarabbmkg denpasar memetakan pada 910 maret 2024 peringatan cuaca tersebut diperkirakan terjadi di seluruh wilayah bali wilayah itu adalah kabupaten badung kota denpasar kabupaten tabanan gianyar klungkung karangasem buleleng bangli dan jembranalihat juga mengenal hari raya nyepi perayaan bagi umat agama hindu kemudian pada 11 maret atau bertepatan saat hari raya nyepi tahun baru saka 1946 peringatan cuaca berpotensi hujan intensitas sedang hingga lebat yang disertai petir dan angin kencang berdurasi singkat diperkirakan terjadi di tujuh kabupatenkota di balikabupatenkota itu yakni kabupaten klungkung karangasem gianyar kota denpasar kabupaten badung bangli dan bulelengia mengharapkan masyarakat mewaspadai dampak bencana yang dapat timbul di antaranya angin kencang pohon tumbang petir banjir genangan air dan tanah longsorselain itu katanya pengguna dan operator jasa transportasi laut nelayan dan wisata baharipihaknya juga mengimbau masyarakat yang beraktivitas di sekitar wilayah pesisir untuk mewaspadai potensi gelombang laut dengan ketinggian mencapai dua meter atau lebih diperkirakan terjadi di laut bali selat bali bagian selatan selat lombok dan samudera hindia selatan baliia juga mengimbau masyarakat untuk mengikuti perkembanganprakiraan cuaca terbaru melalui laman resmi bmkg di alamat balai3denpasarbmkgid atau meteobmkggoidkemudian aplikasi infobmkg dan media sosial bmkg yakni facebook di bbmkg wilayah iii denpasar x twitter di bbmkg3 dan instagram di bmkgbali serta kanal telegram warningcuacabali agt,True
,longsor tabanan bali,https://www.cnnindonesia.com/nasional/20230708125629-20-971050/longsor-timbun-rumah-di-bangli-bali-suami-istri-meninggal,2023-07-08 13:48:00,cnnindonesia.com,"




",judul author tanggal sabtu 08 jul 2023 1348 wib bangli cnn indonesia sebuah rumah tertimbun longsor di banjar brahmana bukit kelurahan cempaga kabupaten bangli bali jumat 77 satu keluarga menjadi korban dua di antaranya meninggal duniaperistiwa itu terjadi sekitar pukul 1835 wita dua korban tewas merupakan pasangan suamiistri yakni bernama ida bagus eka widya cipta 40 dan ida ayu putu mutiari 38 keduanya meninggal akibat tertimbun longsorlihat juga lumajang tetapkan tanggap darurat 14 hari banjir lahar dingin semeru jenazah kedua korban kini telah dievakuasi ke rumah sakit umum daerah rsud bangli sementara tujuh orang lainnya berhasil diselamatkandua orang korban yang sempat terjebak longsor sudah bisa ditemukan pada dini hari sabtu 87 sekira pukul 0200 wita dalam keadaan meninggal dunia dan jenazahnya langsung dibawa ke rsud bangli kata kepala pelaksana bpbd damkar kabupaten bangli wayan wardana sabtu 87 sementara tujuh orang korban yang selamat kini telah mengungsi ke rumah kerabatnya petugas gabungan juga melakukan penanganan di lokasitim gabungan melanjutkan penanganan di lokasi berupa pembersihan sisa lumpur dengan alat berat dan evakuasi barang korban sedangkan tujuh orang yang berhasil selamat saat ini mengungsi di rumah kerabat ujarnyalihat juga longsor di lumajang timpa rumah satu keluarga tewasselain di bangli badan nasional penanggulangan bencana bnpb menyampaikan beberapa peristiwa akibat bencana hidrometeorologi basah di sejumlah daerah bali wilayah terdampak antara lain di kota denpasar kabupaten badung gianyar tabanan buleleng klungkung jembrana dan karangasemdampak yang tercatat dari peristiwa di sejumlah wilayah tersebut termasuk karangasem antara lain pohon tumbang 31 titik bangunan rusak 4 titik dan jalan rusak 1 titik sedangkan kejadian banjir 12 titik dan longsor 29 titik hujan intensitas tinggi ini disertai adanya angin kencangbadan penanggulangan bencana daerah bpbd setempat dan dinas terkait yang dibantu tni polri dan relawan telah merespons dengan upaya tanggap darurat di lapanganprakiraan cuaca provinsi bali dalam dua hari ke depan menunjukkan potensi hujan sedang hingga lebat di sebagian besar wilayah menyikapi kondisi tersebut pemerintah daerah dan warga diharapkan untuk meningkatkan kewaspadaan dan kesiapsiagaan terhadap bahaya hidrometeorologi basah seperti banjir angin kencang dan tanah longsorlihat juga pendaki temukan mayat di lokasi hilangnya aktor julian sandsterkait dengan bahaya tanah longsor warga dapat mengantisipasi dampak sejak dini seperti evakuasi ke tempat aman apabila wilayahnya mengalami hujan lebat dengan durasi lama terlebih mereka yang tinggal di sekitar bukit atau tebing longsoran dapat dipicu dengan kondisi tanah yang labil dan curah hujan tinggi ujar abdul dikutip antara kdfpmg,True
,longsor tabanan bali,https://www.cnnindonesia.com/nasional/20221024145213-20-864647/korban-meninggal-dunia-imbas-banjir-bali-bertambah-jadi-7-orang,2022-10-24 18:31:00,cnnindonesia.com,"




",judul author tanggal senin 24 okt 2022 1831 wib jakarta cnn indonesia badan penanggulangan bencana daerah bpbd provinsi bali mengungkapkan jumlah korban meninggal dunia akibat bencana banjir hingga longsor di pulau dewata itu bertambah menjadi 7 oranguntuk korban bertambah satu orang yang sebelumnya korban bencana longsor dan banjir di bali ada enam orang tulis bpbd bali dalam keterangan senin 2410bpbd merinci korban meninggal dunia terdapat di kabupaten jembrana satu orang kabupaten karangasem tiga orang kabupaten bangli satu orang kabupaten tabanan satu orang dan kota denpasar satu orang sementara itu jumlah titik kejadian bencana di bali menjadi 258 titik dan kerugian berkisar rp76 miliar tulis bpbdlihat juga aktivis lingkungan desak hentikan proyek yang buat bencana di bali bpbd bali meminta masyarakat agar tetap waspada terhadap potensi cuaca ekstrem yang dapat berpotensi menimbulkan bencana hidrometeorologi berupa banjir genangan tanah longsor angin kencang hingga pohon tumbangsebelumnya kepala bpbd bali made rentin mengatakan enam kabupaten yang mengalami bencana alam yaitu kabupaten karangasem kabupaten jembrana kabupaten tabanan kabupaten bangli kabupaten gianyar dan kabupaten badung dengan jumlah titik kejadian 230 titikpada kamis 2010 lalu rentin mengatakan jumlah korban meninggal dunia adalah 6 orang dengan kerugian berkisar rp66 miliarlihat juga longsor bali tembok smp negeri 1 ubud roboh kdfdal,True
,longsor tabanan bali,https://www.cnnindonesia.com/tv/20240314172243-407-1074392/video-villa-di-bali-tertimpa-tanah-longsor-2-warga-amerika-tewas,2024-03-14 18:15:00,cnnindonesia.com,"




",judul author tanggal kamis 14 mar 2024 1815 wib jakarta cnn indonesia musibah tanah longsor terjadi villa yeh baat di kawasan desa jatiluwih kecamatan penebel tabanan bali pada kamis subuhtampak reruntuhan villa yang roboh tertimpa tanah longsordata bpbd kabupaten tabanan menyebut musibah terjadi akibat tanah labil dan tersumbatnya saluran sungai hingga menyebabkan longsorakibat musibah ini dua warga negara amerika serikat berjenis kelamin perempuan dan lakilaki tewas di lokasi kejadianmasyarakat setempat beserta aparat desa aparat kepolisian beserta anggota bpbd kabupaten tabanan turut membantu mengevakuasi korban dan selanjutnya dibawa ke rsup prof ngurah denpasar,True
,longsor tabanan bali,https://www.cnnindonesia.com/teknologi/20241104065011-641-1162629/potensi-la-nina-deret-wilayah-ini-terancam-banjir-bulan-november,2024-11-04 07:05:00,cnnindonesia.com,"




",judul author tanggal senin 04 nov 2024 0705 wib daftar isi aceh sumatera utara riau kepulauan riau sumatera barat jambi bengkulu sumatera selatan kepulauan bangka lampung banten dki jakarta jawa barat jawa tengah di yogyakarta jawa timur bali nusa tenggara barat nusa tenggara timur kalimantan barat kalimantan tengah kalimantan selatan kalimantan timur kalimantan utara sulawesi utara gorontalo sulawesi tengah sulawesi barat sulawesi selatan sulawesi tenggara maluku maluku utara papua barat papua jakarta cnn indonesia fenomena la nina berpotensi muncul di indonesia pada bulan november ini dampaknya sejumlah daerah berpotensi terendam banjirbadan meteorologi klimatologi dan geofisika bmkg mengungkap tandatanda fenomena la nina muncul di indonesia semakin jelas kepala bmkg dwikorita karnawati mengatakan pihaknya saat ini sudah mendeteksi peluang terjadinya la nina di tanah airakhir oktober kita bisa memastikan apakah itu la nina namun alangkah baiknya mulai saat ini kita perlu bersiap karena di pertengahan oktober telah terdeteksi perbedaan suhu muka air laut di samudra pasifik bagian ekuator tengah timur itu sudah lebih dingin dari normalnya kata dwikorita dalam sebuah video yang diunggah di akun bmkg dikutip jumat 111 hasil analisis dinamika atmosfer dasarian ii oktober menunjukkan hasil monitoring indeks indian ocean dipole iod dan el nino southern oscillation enso menunjukkan indeks iod melewati batas ambang iod negatif indeks 111 namun baru berlangsung satu dasarian sehingga statusnya tetap iod netrallihat juga la nina berpotensi muncul di indonesia waspada dampak buruknya anomali suhu permukaan laut sst di nino 34 juga menunjukkan kondisi yang melewati batas ambang la nina dengan indeks 064batasan la nina itu perbedaan suhunya itu 05 ini sudah melampaui batas tadi sekarang sudah 064 artinya lebih dingin dari normalnya namun karena belum ada 30 hari sehingga kita masih harus memastikan tunggu sampai akhir oktober itu masih mendingin atau pulih kembali menuju normal jadi ada kewaspadaan ujarnyabmkg mengungkap saat fenomena la nina berlangsung sebagian wilayah indonesia akan mengalami peningkatan curah hujan sebanyak 20 hingga 40 persen pada periode junijuliagustus dan septemberoktobernovembersedangkan pada periode desemberjanuarifebruari dan maretaprilmei sebagian wilayah barat indonesia mengalami peningkatan curah hujan karena pengaruh angin monsunlihat juga selamat datang november rain sambut hujan setelah terpanggangselama fenomena la nina ada sejumlah bencana yang berpotensi terjadi secara umum bencanabencana tersebut berkaitan erat dengan hidrometeorologidengan peningkatan curah hujan saat la nina kemungkinan bencana yang dapat terjadi adalah banjir banjir bandang tanah longsor angin kencang puting beliung bahkan badai tropisbmkg dalam prakiraan daerah potensi banjir mengungkap ada sejumlah bdaerah yang terancam terendam banjir selama november berikut daftarnyaacehaceh barat aceh barat daya aceh besar aceh tamiang aceh timur aceh jaya aceh utara aceh selatan kota banda aceh aceh singkil kota langsa kota sabang aceh tengah pidie aceh tenggara bener meriah bireuen gayolues kota langsa kota lhokseumawe kota subulussalam nagan raya pidie jaya siemeluesumatera utaraasahan batubara deli serdang karo humbang hasundutan kota binjai kota gunung sitoli kota medan kota padang sidimpuan kota pematang siantar kota tanjung balai kota sibolga labuhanbatu kota tebing tinggi labuhanbatu utara langkat labuhanbatu selatan padang lawas utara langkat samosir mandailing natal serdang bedagai nias simalungun nias barat tapanuli selatan nias selatan nias utara toba samosir padang lawas pakpak bharat samosir tapanuli tengah tapanuli utara toba samosirriaubengkali indragiri hilir indragiri hulu kampar kota dumai kampar rokan hilir rokan hulu kepulauan meranti kota pekanbaru kuantan sengingi pelalawan siakkepulauan riaubintan natuna karimun kepulauan anambas kota batam kota tanjung pinang lingga natunasumatera baratagam dharmasraya kota payakumbuh kepulauan mentawai lima puluh kota kota bukittinggi pesisir selatan kota padang sijunjung kota padangpanjang solok kota pariaman solok selatan kota sawahlunto pasaman pasaman barat tanah datarjambibatanghari bungo kerinci kota sungaipenuh merangin kota jambi muaro jambi sarolangun tanjung jabung barat tanjung jabung timur tebobengkulubengkulu selatan bengkulu utara kaur lebong bengkulu tengah kepahiang kota bengkulu mukamuko rejang lebong selumasumatera selatanbanyuasin empat lawang kota lubuk linggau musi rawas kota pagar alam ogan komering ilir kota palembang kota prabumulih lahat muara enim musi banyuasin musi rawas musi rawas utara ogan ilir ogan komering ilir ogan komering ulu ogan komering ulu selatan ogan komering ulu timur palikepulauan bangkabangka bangka barat bangka selatan bangka tengah belitung belitung timur kota pangkalpinanglampunglampung barat kota bandar lampung lampung tengah kota metro lampung timur lampung selatan lampung utara mesuji pesawaran pesisir barat tanggamus tulang bawang pringsewu tulang bawang barat waykananbantenlebak pandeglang kota tangerang selatan kota cilegon kota serang kota tangerang tangerang serangdki jakartajakarta selatan jakarta timur jakarta barat jakarta pusat jakarta utarajawa baratbandung bandung barat bogor bekasi cirebon ciamis indramayu cianjur karawang garut kota bekasi kota bogor kota cirebon kota sukabumi kuningan pangandaran majalengka purwakarta subang kota bandung subang sukabumi tasikmalaya kota cimahi kota depok kota tasikmalaya sumedangjawa tengahbanjarnegara banyumas batang blora brebes boyolali demak cilacap grobogan kebumen cilacap jepara kendal magelang klaten pekalongan kota pekalongan pemalang karanganyar kota semarang purbalingga kota tegal purworejo kudus tegal pati wonosobo kota magelang kota surakarta rembang sukoharjo wonogiri sragen temanggungdi yogyakartasleman bantul gunung kidul kota yogyakarta kulonprogojawa timurblitar jember banyuwangi bangkalan kediri bojonegoro blitar malang bondowoso pacitan gresik probolinggo jombang kota batu kota madiun kota malang kota mojokerto lumajang kota surabaya lamongan madiun magetan nganjuk ngawi pasuruan ponorogo pamekasan trenggalek tulungagung sampang sidoarjo situbondo sumenep tubanbalibadung bangli buleleng gianyar jembaran karangasem tabanan klungkung kota denpasar tabanannusa tenggara baratkota mataram lombok barat lombok tengah bima dompu lombok utara kota bima sumbawa barat lombok timur sumbawanusa tenggara timurmanggarai manggarai timur kupang manggarai barat alor belu ende flores timur ngada kupang timor tengah selatan lembata nagekeo sikka sumba barat sumba barat daya sumba tengah ttimor tengah utarakalimantan baratkapuas hulu bengkayang ketapang sanggau kayong utara sintang kota pontianak kota singkawang kuburaya landak melawi mempawah sambas sanggau sekadaukalimantan tengahbarito selatan pulang pisau barito timur barito utara gunung mas kapuas katingan kota palangkaraya kotawaringin barat kotawaringin timur lamandau murung raya seruyan sukamarakalimantan selatanbalangan banjar hulu sungai selatan barito kuala hulu sungai tengah kotabaru tanah bumbu hulu sungai utara tanah laut kota banjarbaru kota banjarmasin tabalong tapinkalimantan timurkutai barat berau kota balikpapan kota samarinda kota bontang kutai kartanegara kutai timur paser peanajam paser utara mahakam ulukalimantan utarabulungan malinau nunukan tana tidungsulawesi utarabolaang mongondow bolaang mongondow timur bolaang mongondow selatan bolaang mongondow utara kepulauan sangihe kepulauan siau tagulandang biaro kota bitung kepulauan talaud minahasa utara kota bitung kota kotamobagu kota manado minahasa minahasa selatan minahasa tenggara minahasa utaragorontalogorontalo utara boalemo bone bolango gorontalo kota gorontalo pahuwatosulawesi tengahdonggala morowali morowali utara poso banggai banggai kepulauan banggai laut sigi buol kota palu parigi moutong tojo unauna tolitoli sulawesi baratmajene mamasa mamuju mamuju utara mamuju tengah polewali mandar polewali mandarsulawesi selatanbantaeng barru bulukumba enrekang jeneponto gowa kepulauan selayar kota makassar luwu luwu timur luwu utara maros pangkajene kepulauan pinrang sinjai sidenreng rappang soppeng takalar tana toraja toraja utara wajosulawesi tenggarabombana buton buton selatan konawe kepulauan konawe selatan konawe utara kota bau bau kota kendari muna muna baratmalukuburu buru selatan kepulauan aru kota tual kota ambon maluku tengah maluku tenggara maluku barat daya seram bagian timur maluku tenggara barat seram bagian baratmaluku utarahalmahera barat halmahera tengah halmahera selatan halmahera timur halmahera utara kota ternate pulau morotai kepulauan sula tidore kepulauan pulau taliabupapua baratfakfak manokwari kota sorong manokwari selatan maybrat teluk bintuni sorong selatan teluk wondamapapuadeiyai mimika dogiyai jayawijaya jayapura keerom intan jaya mamberamo raya mamberamo tengah kepulauan yapen merauke kota jayapura nabire sarmi mappi yalimo dmi,True
,longsor tabanan bali,https://www.cnnindonesia.com/nasional/20240805005406-20-1129169/wn-italia-tewas-usai-jatuh-saat-selfie-di-tabanan-bali,2024-08-05 01:30:00,cnnindonesia.com,"




",judul author tanggal senin 05 agu 2024 0130 wib tabanan cnn indonesia seorang pria bernama zicari giancarlo 49 asal italia tewas usai terjatuh dari tebing saat berfoto selfie dengan pacarnya di area air terjun vila gajah mas banjar baturiti kelod kecamatan baturiti kabupaten tabanan bali pada minggu 48 sekitar pukul 1120 witakorban meninggal dunia akibat terjatuh dari atas areal air terjun vila di gajah mas ke bawah sejauh 25 meter kata kasi humas polres tabanan iptu i gusti made berata minggu malamlihat juga kocong bocah viral di bali asal ukraina akhirnya dideportasi kronologinya sekitar pukul 1045 wita korban bersama pacarnya biagi ilaria yang juga dari italia berangkat dari hotel homm saranam baturiti untuk berjalanjalan menuju ke vila gajah masnamun sebelumnya sampai sekitar pukul 1100 wita korban bersama pacarnya pergi ke pasar untuk berbelanja beberapa makanan setelah itu sekitar pukul 1115 wita korban bersama pacarnya pergi ke air terjun dan setiba di vila gajah mas bertanya kepada penjaga vila di mana lokasi air terjun lalu penjaga vila mengarahkan korban dan pacarnya ke letak air terjun yang berada dibawah vila kurang lebih 500 metersetelah itu keduanya jalan turun mencari air terjun yang dituju lalu pada pukul 1120 wita korban bersama pacarnya sampai di sebuah teras yang berisi dua tempat duduk berbahan kayu dengan pagar besi untuk membatasi pengunjung agar tidak terjatuhkemudian korban mengajak pacarnya selfie dengan latar pemandangan tebing beserta air terjun dengan posisi membelakangi pagar dan menjadikan pagar sebagai tumpuansecara tibatiba pagar yang dijadikan tumpuan mengalami longsor ke bawah karena tidak kuat menahan lalu korban dan pacarnya terjatuh dari area teras yang kurang lebih ketinggiannya mencapai 25 meterlihat juga imigrasi kian ketat awasi wna turis asing ke bali tembus 389 jutasetelah terjatuh ilaria tersadar dengan kondisi luka lecet dan pusing di kepala dia langsung berjalan perlahan naik ke atas sambil meminta pertolongansetelah ilaria sampai di area teras vila gajah mas korban mendapat pertolongan dari saksi seorang wanita warga negara ukraina bernama sokoliuk viktoriia yang kebetulan bermalam di vila gajah masmelihat kejadian yang dialami pacar korban saksi mencoba menolong pacar korban untuk dibawa naik sampai ke lobi vila untuk mendapatkan bantuan medis dan langsung melapor kepada penjaga vila dan polsek baturiti untuk mendapatkan penanganan lebih lanjut ujarnyadari pihak korban menolak dilakukan autopsi dan menerima kejadian tersebut sebagai musibah ujarnya feafea,True
,longsor tabanan bali,https://www.cnnindonesia.com/nasional/20230708224113-20-971144/cuaca-ekstrem-di-bali-picu-longsor-dan-banjir-1-orang-meninggal,2023-07-08 22:45:00,cnnindonesia.com,"




",judul author tanggal sabtu 08 jul 2023 2245 wib bali cnn indonesia setidaknya satu orang meninggal dunia akibat longsor di tengah cuaca ekstrem yang juga memicu banjir di sejumlah wilayah bali sejak jumat 77badan penanggulangan bencana daerah bpbd provinsi bali mencatat 29 longsor dan belasan titik banjir di sejumlah wilayah akibat cuaca ekstrem sejak jumat 77kepala pelaksana bpbd provinsi bali i made rentin mengatakan bahwa satu orang meninggal dunia akibat longsor sementara itu satu orang juga hanyut tapi selamat ia menjabarkan bahwa hingga pukul 1700 wita tercatat 78 kejadian bencana yang mencakup longsor pohon tumbang dan banjir akibat cuaca ekstrempilihan redaksibanjir lahar dingin semeru 393 warga lumajang mengungsilumajang tetapkan tanggap darurat 14 hari banjir lahar dingin semeru bencana itu termasuk pohon tumbang di 31 titik banjir di 12 titik longsor di 29 titik bangunan jebol di 4 titik dan jalan jebol di 1 titikdata masih bersifat sementara dan akan diupdate pada kesempatan berikutnya kata rentindi kota denpasar satu pohon tumbang di jalan drupadi denpasar satu korban mengalami luka ringandi kabupaten badung ada 19 kejadian bencana yaitu 6 titik tanah longsor 8 titik pohon tumbang 2 titik banjir dan 3 bangunan robohuntuk kabupaten gianyar tercatat 28 kejadian yaitu 16 pohon tumbang 11 titik tanah longsor 1 orang terluka karena hanyut total kerugian mencapai rp10 jutadi daerah kabupaten tabanan terdapat 3 titik banjir di kabupaten jembarana tercatat 9 kejadian yaitu 3 pohon tumbang dan 6 titik lokasi banjirkabupaten karangasem mencatat 4 kejadianyaitu 1 titik lokasi banjir 1 pohon tumbang dan 2 tanah longsor akibat bencanabencana ini satu orang meninggal dunia satu orang masih dalam pencarian dan satu orang luka beratdi kabupaten bangli tercatat15 kejadian di antaranya 3 pohon tumbang 10 titik tanah longsor 1 bangunan roboh dan 1 jalan jeboldi kabupaten klungkung sejumlah warga dievakuasi ke balai budaya klungkung karena air sungai meluaphasil koordinasi saat ini masih dilakukan penanganan di lapangan ada warga dievakuasi ke balai budaya klungkung karena air sungai meluap katanya kdfhas,True
,longsor tabanan bali,https://www.cnnindonesia.com/nasional/20240314134629-20-1074239/dua-wna-tewas-tertimpa-longsor-saat-menginap-di-vila-bali,2024-03-14 13:56:00,cnnindonesia.com,"




",judul author tanggal kamis 14 mar 2024 1356 wib jakarta cnn indonesia dua warga negara asing wna meninggal dunia usai vila tempat mereka menginap di tabanan bali terimbas longsorperistiwa longsor itu terjadi di vila yeh baat desa jatiluwih kecamatan penebel kabupaten tabanan bali sekitar pukul 0600 wita kamis 143jenazah korban sudah dibawa ke rsup sanglah denpasar tadi kata kapolsek penebel akp i gusti kade alit mudiarsa saat dikonfirmasi kamis 143 lihat juga banjir dan longsor kepung kota semarangsalah satu wna yang meninggal dunia itu adalah angelina 48 asal australia sementara satu wna belum diketahui identitasnyamulanya seorang pekerja melihat dua wna itu mondarmandir di depan vila yeh baat pada rabu kemarin 133 sekitar pukul 0700 wib lalu pada pukul 2000 wita dua wna itu masuk ke vila untuk menginap mereka tidak bisa registrasi karena saat itu listrik sedang matidua wna itu pun disarankan untuk tidak menginap karena listrik mati dan cuaca buruk namun mereka tetap memaksakeesokan harinya pemilik vila menelepon pegawainya dan menanyakan situasi sekitar pukul 0530 wita saat itu dua wna masih tertidur dan belum terjadi apaapalihat juga muhadjir 5 orang masih hilang 86 ribu warga terdampak banjir sumbarselanjutnya pada pukul 0600 wita pegawai menelpon pemilik vila untuk memberitahukan kejadian longsor di tempat korban menginapberselang beberapa menit datang masyarakat dan kapolsek penebel beserta anggota untuk mencari kedua korban yang tertimbunsaat ditemukan kedua korban wna meninggal dunia dan satu identitas wna yang pria belum ditemukan dan yang perempuan berasal dari australia ucap kapolsek penebel akp i gusti kade alit mudiarsa kdfbmw,True
,longsor tabanan bali,https://www.cnnindonesia.com/teknologi/20241217062535-641-1178107/bmkg-peringatkan-cuaca-ekstrem-potensi-landa-bali-hingga-awal-2025,2024-12-18 07:00:00,cnnindonesia.com,"




",judul author tanggal rabu 18 des 2024 0700 wib jakarta cnn indonesia badan meteorologi klimatologi dan geofisika bmkg memperingatkan potensi cuaca ekstrem yang akan melanda bali hingga awal 2025kepala bmkg dwikorita karnawati dalam kunjungannya ke denpasar minggu 1512 menekankan kondisi ini dipengaruhi oleh sejumlah faktor termasuk fenomena la nina dan indian ocean dipole iod negatifkondisi global ini meningkatkan curah hujan di wilayah indonesia termasuk jawa timur dan bali meski fenomena ini diprediksi netral pada awal 2025 masyarakat tetap harus waspada terhadap ancaman banjir tanah longsor dan gelombang tinggi kata dwikorita dalam keterangan resminya dikutip senin 1612 bmkg dalam laman resminya memperingatkan bahwa wilayah wilayah bali berpotensi mengalami curah hujan kategori menengah hingga sangat tinggi terutama daerah tabananbadunggianyar bangli dan denpasarlihat juga bmkg modifikasi cuaca di titik rawan bencana jelang libur nataru potensi bencana hidrometeorologi seperti banjir tanah longsor dan angin kencang diperkirakan melonjak terutama pada periode 1521 desember 2024selain itu gelombang tinggi yang mencapai 25 hingga 4 meter di perairan selatan bali menjadi ancaman bagi aktivitas pelayaran dan perikanan bmkg mengimbau masyarakat pesisir termasuk para nelayan untuk menghindari aktivitas di laut selama periode cuaca buruk tersebutdwikorita sebelumnya menyebut momen libur natal dan tahun baru akan dibarengi dengan curah hujan cukup tinggi karena berada di puncak musim hujan yang disertai dengan fenomena la nina lemahdwikorita mengatakan pada desember puncak musim hujan terjadi di sebagian jawa terutama bagian selatan kemudian pada januari itu puncak musim di jawa terjadi di bagian tengah hingga utarapilihan redaksibmkg cuaca ekstrem ancam penyeberangan di merakkrisis iklim makin parah 2024 jadi tahun terpanas sepanjang sejarahperingatan eskalasi cuaca ekstrem di jateng waspada potensi bencanaoleh karena itu ia meminta pihak terkait untuk memberi perhatian pada peningkatan curah hujan yang cukup tinggi ini karena mungkin berdampak pada mobilitas masyarakat di momen libur nataru khususnya di sumatera dan jawaselain berada pada puncak musim hujan dwikorita mengatakan curah hujan juga bisa semakin tinggi karena adanya fenomena la nina lemah fenomena ini berpotensi meningkatkan curah hujan hingga 20 persenmusim hujan ini disertai dengan terjadinya la nina lemah yang berdampak pada peningkatan curah hujan mencapai diprediksi 20 persen dari normalnya jelasnyalebih lanjut ada dua fenomena lain yang kemungkinan mempengaruhi curah hujan di wilayah barat tanah air yakni seruak udara dingin dari dataran tinggi siberia dan gerombolan awan dari samudera hindiaseruak udara dingin kata dwikorita bahkan berpotensi menyebabkan banjir yang sangat buruk di jakarta seperti pada januari 2020 menurutnya banjir parah bisa terjadi dalam skenario terburukseruak udara dingin sendiri menyebabkan terjadinya angin kencang gelombang tinggi dan peningkatan curah hujansementara itu pergerakan gerombolan awan dari barat wilayah indonesia juga mungkin meningkatkan curah hujan awan ini telah memasuki wilayah indonesia dan meningkatkan curah hujan tetapi mereka terus bergerak ke arah timursemoga saat tanggal 20 sampai 28 itu sudah bergeser ke arah timur kata dwikorita berharap wnudmi,True
,longsor tabanan bali,https://www.cnnindonesia.com/nasional/20221020142901-20-863223/banjir-longsor-di-bali-sebabkan-6-orang-meninggal-kerugian-rp66-m,2022-10-20 14:39:00,cnnindonesia.com,"




",judul author tanggal kamis 20 okt 2022 1439 wib jakarta cnn indonesia badan penanggulangan bencana daerah bpbd bali mengatakan bencana banjir dan longsor yang terjadi di enam kabupaten di bali mengakibatkan kerugian materiel hingga rp66 miliar selain itu tercatat ada enam orang meninggal duniakerugian berkisar rp6613000000 kata kepala bpbd bali made rentin kamis 2010adapun enam kabupaten yang mengalami banjir dan longsor yaitu kabupaten karangasem kabupaten jembrana kabupaten tabanan kabupaten bangli kabupaten gianyar dan kabupaten badung yang tersebar di 230 titik lihat juga longsor bali tembok smp negeri 1 ubud robohrentin mengatakan korban meninggal tercatat di kabupaten jembrana satu orang kabupaten karangasem tiga orang kabupaten bangli satu orang dan kabupaten tabanan satu orang ia mengimbau warga tetap waspada masyarakat diimbau agar tetap waspada terhadap potensi cuaca ekstrem yang dapat berpotensi menimbulkan bencana hidrometeorologi berupa banjir genangan tanah longsor angin kencang pohon tumbang dan lainlain ujarnyasementara itu badan nasional penanggulangan bencana bnpb mencatat terdapat 76 kejadian bencana selama sepekan terhitung sejak 10 sampai 16 oktober 2022lihat juga walhi banjir hingga longsor masif di bali akibat alih fungsi lahanplt kepala pusat data informasi dan komunikasi kebencanaan bnpb abdul muhari mengatakan ke76 peristiwa itu merupakan bencana hidrometeorologi basah seperti banjir dan tanah longsorabdul merinci dari 76 kejadian bencana itu 36 di antaranya merupakan banjir kemudian 23 cuaca ekstrem dan 17 kejadian tanah longsor akibat semua bencana itu 13 orang meninggal dunia kdftsa,True
,longsor tabanan bali,https://www.cnnindonesia.com/nasional/20170212174735-20-192991/korban-tewas-longsor-di-kintamani-13-orang,2017-02-12 17:54:00,cnnindonesia.com,"




",judul author tanggal minggu 12 feb 2017 1754 wib jakarta cnn indonesia jumlah korban meninggal dunia akibat bencana longsor di kecamatan kintamani kabupaten bangli bali bertambah menjadi 13 orangkepala pusat data informasi dan humas badan nasional penanggulangan bencana bnpb sutopo purwo nugroho mengatakan 13 korban meninggal dunia tersebut tersebar di lima desa yakni desa songan desa awan desa sukamana desa subaya dan desa baturselain korban meninggal ada juga empat korban mengalami luka berat dan empat orang yang mengalami luka ringan ujar sutopo melalui keterangan tertulisnya minggu 122 selain itu menurutnya bencana longsor juga mengakibatkan sekitar delapan rumah warga kintamani mengalami kerusakan parah sebanyak 11 unit kendaraan warga mulai dari mobil motor dan sepeda tertimbun dalam bencana longsor yang terjadi pada kamis 92 sekitar pukul 2330 wita tersebutlihat jugabencana longsor kintamani renggut 7 korban tewaslebih dari itu sutopo menjelaskan berdasarkan data bnpb terlihat bahwa lokasi kejadian longsor berada pada risiko bencana longsor tinggi luas wilayah yang berisiko dengan ancaman sedang hingga tinggi sekitar 17250 hektare hujan ekstrem dengan intensitas 145 milimeter per hari sempat terjadi selama tiga hari terakhir di karangasem bali bahkan menurut sutopo berdasarkan data jaxa realtime rainfall watch curah hujan di lokasi sempat mencapai 293 milimeter per hari pada rabu 82curah hujan sempat turun sehari berselang ke angka 155 milimeter per hari namun hari berikutnya naik mencapai 181 milimeter per hari tuturnyasutopo menyebut kondisi itu didominasi oleh angin baratan yang bersifat basah suhu muka air laut di sekitar bali masih hangat sekitar 28 derajat celcius yang berkontribusi bagi pertumbuhan awanawan hujan di sekitar balihujan lebat diprediksi bakal terjadi sepanjang akhir pekan di wilayah bangli jembrana buleleng tabanan gianyar dan badung sutopo mengimbau masyarakat untuk selalu waspada dari longsor banjir dan puting beliung,True
,longsor tabanan bali,https://www.cnnindonesia.com/nasional/20170210084721-20-192546/bencana-longsor-kintamani-renggut-7-korban-tewas,2017-02-10 08:30:00,cnnindonesia.com,"




",judul author tanggal jumat 10 feb 2017 0830 wib jakarta cnn indonesia bencana longsor menelan tujuh korban meninggal dunia dan menimbun lima rumah di desa songan kecamatan kintamani kabupaten bangli bali lonsor yang memakan korban jiwa itu terjadi akibat hujan deras tanpa henti di daerah dengan kondisi lereng dengan banyak permukiman kamis malam 92selain korban meninggal ada juga dua korban mengalami luka berat dan dua luka ringan kepala pusat data informasi dan humas bnpb sutopo purwo nugroho melalui keterangan yang disampaikan kepada wartawan jumat 102sutopo mengatakan bencana longsor itu terjadi sekitar pukul 2330 wita empat rumah di antaranya mengalami rusak berat akibat tertimbun longsor semua korban sudah berhasil dievakuasi kata sutopopilihan redaksihujan deras di sukabumi sebabkan banjir dan longsorbpbd 13 orang tewas akibat longsor di lebak bantenriset gempa dan tsunami di indonesia timur masih rendahhujan deras tebing di kawasan wisata jember longsorhujan ekstrem dengan intensitas 145 mm per hari sempat terjadi selama tiga hari terakhir di karangasem bali bmkg bali melaporkan terdapat tekanan rendah 984 mb di australia barat yang berdampak signifikan terhadap aliran massa udara di seluruh indonesia sutopo menyebut kondisi itu didominasi oleh angin baratan yang bersifat basah suhu muka air laut di sekitar bali masih hangat sekitar 28 derajat celcius yang berkontribusi bagi pertumbuhan awanawan hujan di sekitar balihujan lebat diprediksi bakal terjadi sepanjang akhir pekan di wilayah bangli jembrana buleleng tabanan gianyar dan badung sutopo mengimbau masyarakat untuk selalu waspada dari longsor banjir dan puting beliung gil,True
,longsor tabanan bali,https://www.cnnindonesia.com/nasional/20221018094332-20-861955/banjir-dan-longsor-bali-tewaskan-6-warga,2022-10-18 09:58:00,cnnindonesia.com,"




",judul author tanggal selasa 18 okt 2022 0958 wib denpasar cnn indonesia kepala pelaksana badan penanggulangan bencana daerah bpbd provinsi bali made rentin menyatakan peristiwa banjir dan longsor di wilayah bali senin 1710 kemarin menelan korban jiwa sebanyak enam oranguntuk total meninggal dunia enam orang kata rentin selasa 1810lihat juga satu anak korban banjir di karangasem bali ditemukan meninggal enam korban jiwa tersebut tercatat tiga orang di kabupaten karangasem satu orang di kabupaten bangli satu orang di kabupaten tabanan dan satu orang di kabupaten jembaranauntuk korban di kabupaten bangli satu warga dilaporkan meninggal dunia bernama desa okta nita 17 akibat terseret arus banjir pada senin 1710 hasil kaji cepat sementara peristiwa ini terjadi ketika korban mengendarai sepeda motor dan terseret arus banjir yang berasal dari luapan saluran air tim bpbd kabupaten bangli bersama tim gabungan telah melakukan penyisiran saluran air dari depan lapangan kilobar tamanbali bangli menuju saluran irigasi guliang kangin saat ini korban sudah dievakuasi dan dibawa ke rumah sakit umum terdekat untuk dilakukan autopsiabdul muhari selaku plt kepala pusat data informasi dan komunikasi kebencanaan bnpb mengatakan banjir yang melanda desa tamanbali kecamatan bangli ini terjadi setelah hujan deras sekitar pukul 1320 witakondisi curah hujan yang tinggi juga memicu longsor di kecamatan susut aktivitas warga ikut terganggu akibat longsor yang menutup akses jalanupaya pengerahan alat berat dari dinas pu juga telah diinisiasi guna membuka akses jalan selain itu upaya penyemprotan oleh tim damkar juga dilakukan guna membersihkan material lumpur agar warga sekitar dapat melintas kembali kata dia dalam keterangan tertulisnya selasa 1810lihat juga jalur gilimanukdenpasar bali dibuka lagi usai dilanda banjirtim bpbd bangli bersama tim gabungan saat ini masih melakukan koordinasi lanjutan dalam hal pendataan tim masih berjibaku di lapangan guna melakukan upaya percepatan penanganan daruratbmkg telah menyatakan sebagian besar wilayah indonesia berpotensi mengalami cuaca ekstrem yang ditandai curah hujan tinggi hingga oktober 2022 langkahlangkah antisipatif perlu dipersiapkan sebagaimana arahan kepala bnpb letjen tni suharyanto dalam mengantisipasi dampak cuaca ekstremupaya jangka pendek pastikan kesiapan alat perangkat dan personel untuk menghadapi potensi dampak cuaca ekstrem upaya jangka panjang lakukan perbaikan lingkungan jangan sampai banjir selalu berulang di tempat yang sama ujarnya kdfgil,True
,longsor tabanan bali,https://www.cnnindonesia.com/nasional/20211016091627-20-708557/gempa-m-48-bali-bangunan-rusak-warga-berhamburan,2021-10-16 09:47:00,cnnindonesia.com,"




",judul author tanggal sabtu 16 okt 2021 0947 wib jakarta cnn indonesia gempa magnitudo 48 menggucang kawasan karangasem bali pada sabtu 1610 pukul 0418 wita banyak warga berhamburan ke luar rumah dan sebabkan bangunan rusakbadan metereologi klimatologi dan geofisika bmkg mengatakan kuatnya guncangan tersebut menyebabkan warga terbangun dari tidur dan lari ke luar rumahsaking kuatnya guncangan gempa banyak warga yang terbangun dari tidur dan lari berhamburan ke luar rumah ujar kepala bidang mitigasi gempa dan tsunami daryono lewat pesan teks sabtu 1610 pagi lihat juga tiga orang meninggal akibat gempa di balilebih lanjut ia menjelaskan gempa juga menimbulkan kerusakan bangunan rumah di berbagai tempat di kabupaten karangasem dan sekitarnyadaryono mengatakan guncangan gempa dirasakan di wilayah karangasem denpasar dan lombok utara dalam skala intensitas iv mmi sedangkan di negara tabanan lombok barat lombok tengah dan lombok timur dalam skala intensitas iii mmi skala mmi adalah satuan untuk mengukur kekuatan gempa bumi dengan rentang paling lemah ipaling kuat xiiepisenter terletak pada koordinat 832 derajat ls dan 11545 derajat bt tepatnya di darat pada jarak 8 kilometer arah barat laut karangasem bali dengan kedalaman hiposenter 10 kilometerdengan memperhatikan bentuk gelombang seismik waveform yang tercatat pada sensor gempa karangasem khk daryono menjelaskan tampak adanya gelombang geser shearing yang nyata dan kuat hal itu menunjukkan aktivitas gempa merupakan gempa tektonikgempa yang terjadi merupakan jenis gempa dangkal akibat aktifitas sesar aktif di wilayah rendang karangasemantara kejadian gempa utama dan gempa susulan hanya berselang singkat sekitar 4 menit pungkasnyadaryono mengatakan gempa rendang karangasem ini tidak hanya berdampak menimbulkan kerusakan bangunan rumah tetapi gempa juga memicu dampak susulan seperti longsoran landslide dan runtuhan batu rockfall di beberapa tempatdi kawasan pegunungan yang terdapat perbukitan dan tebing curam dampak lain dari gempa kuat berupa longsor dan runtuhan batu disebut lazim terjadilihat juga gempa guncang bengkulu dan bali tidak berpotensi tsunamisehingga efek topografi semacam ini patut diwaspadai saat dan pasca gempa ungkap daryonohingga pukul 730 wib pagi ini hasil monitoring bmkg menunjukkan ada 3 aktivitas gempa susulan aftershock magnitudo 38 dirasakan di karangasem iii mmi magnitudo 27 dan magnitudo 17 yang terjadi pada pukul 35253 wibpusat gempa karangasem pagi ini terletak di zona gempa swarm kompek gunung agung dan gunung batur pada tahun2017 gempa swarm terjadi pada bulan septemberoktober 2017 memiliki magnitudo terbesar 42selanjutnya pada 8 november 2017 terjadi gempa paling kuat dengan magnitude 49 yang juga menimbulkan kerusakan ringan tutup daryono chafjr,True
,longsor tabanan bali,https://www.cnnindonesia.com/nasional/20201029074117-20-563863/libur-maulid-nabi-sejumlah-daerah-berpotensi-hujan-lebat,2020-10-29 08:06:00,cnnindonesia.com,"




",judul author tanggal kamis 29 okt 2020 0806 wib jakarta cnn indonesia badan meteorologi klimatologi dan geofisika bmkg mengeluarkan peringatan dini potensi hujan lebat angin kencang dan gelombang tinggi di sejumlah daerah di indonesia pada kamis 2910 bertepatan dengan libur maulid nabi muhammad sawsejumlah daerah diperkirakan mengalami hujan dengan intensitas sedang hingga lebat yang disertai kilat atau petirberikut sejumlah daerah yang mendapatkan peringatan dini dari bmkg acehwaspada potensi hujan lebat disertai angin kencang terjadi di wilayah aceh tenggara pidie jaya cot girek aceh tamiang lamgsa dan sekitarnya waspada tinggi gelombang mencapai 253 meter untuk wilayah perairan barat selatan selat malaka bagian utara samudera hindia barat aceh dan sekitarnyalihat jugakala megawati pertanyakan sumbangsih milenial selain demoriauwaspada hujan sedang hingga lebat yang dapat disertai petir dan angin kencang berpotensi terjadi di wilayah riau bagian pesisir timut barat dan selatan pada sore atau malam hari sumatera utarawaspada potensi hujan sedang hingga lebat disertai angin kencang dan badai petir di wilayah lereng timur pantai timur lereng barat pantai barat dan pegunungan sumatera utara yang dapat menyebabkan banjir dan longsorsumatera selatanwaspada potensi hujan sedang hingga lebat yang dapat disertai kilatpetir dan angin kencang berdurasi singkat pada siang hingga malam hari di wilayah oku selatan muara enim lahat pagar alam empat lawang musi rawas dan musi rawas utaralihat jugaragam tradisi perayaan maulid nabi muhammad di indonesiabengkuluwaspada potensi hujan sedang hingga lebat yang disertai kilatpetir dan angin kencang berdurasi singkat pada siang hingga malam hari di wilayah kab mukomuko bengkulu utara lebong rejang lebong kepahiang bengkulu tengah kota bengkulu seluma bengkulu selatan dan kaur waspada potensi gelombang tinggi di wilayah perairan enggano dan perairan samudera hindia barat bengkululampungwaspada potensi hujan lebat yang dapat disertai kilatpetir dan angin kencang di wilayah lampung bara pesisir barat way kanan lampung utara pada siang dan sore hari serta wilayah pesisir barat pada malam harilihat jugadi balik perayaan maulid nabi dan jadi libur nasionalbantenwaspada potensi gelombang tinggi di perairan selatan banten samudera hindia selatan banten dan selat sunda bagian selatandki jakartawaspada potensi hujan yang dapat disertai kilatpetir dan angin kencang berdurasi singkat di wilayah jakarta selatan dan jakarta timur pada siang dan sore harijawa baratwaspada potensi hujan sedang hingga lebat yang disertai kilatpetir pada sore hingga menjelang malam hari di wilayah kab dan kota bogor kota depok kab sukabumi kab cianjur kab dan kota bekasi kab karawang kab purwakarta kab subang kab bandung kab bandung barat kota bandung kota cimahi kab sumedang kab garut kab tasikmalaya kab ciamis kab banjar dan kab pangandaranjawa timurwaspada hujan intensitas sedang hingga lebat disertai petir dan angin kencang sesaat pada siangsore hari i wilayah kab malang batu kab probolinggo lumajang dan bondowosobaliwaspada potensi hujan lebat disertai kilatpetir dan angin kencang berdurasi singkat di wilayah jembrana dan tabanan serta tinggi gelombang laut yang dapat mencapai 2 meter di selat bali bagian selatan selat badung selat lombok bagian selatan dan samudera hindia selatan balilihat jugaprotes macron pa 212 geruduk kedubes prancis 2 novembernusa tenggara baratwaspada potensi hujan sedang hingga lebat yang disertai kilatpetir dan angin kencang di wilayah mataram lombok barat lombok utara lombok tengah lombok timur sumbawa barat sumbawa dompu dan bima pada siang hingga malam hari serta waspadai tinggi gelombang yang mencapai 2 meter di selat lombok bag selatan selat alas bag utara dan selatan dan samudera hindianusa tenggara timurwaspada potensi kebakaran lahan di wilayah ntt waspada hujan disertai petir dan angin kencang di wilayah manggarai sumba barat daya sumba barat ttu tts kab kupang alorkalimantan baratwaspada potensi hujan dengan intensitas sedang hingga lebat yang dapat disertai gunturpetir dan angin kencang berdurasi singkat di sebagian besar wilayah kabkota di kalimantan baratkalimantan selatanwaspada potensi hujan sedang hingga lebat yang disertai kilatpetir dan angin kencang pada siang sore dan dini hari di wilayah kotakab barito kuala banjar tanah bumbu tanah laut kotabaru dan sekitarnyakalimantan tengahwaspada potensi hujan intensitas sedang hingga lebat yang disertai kilatpetir dan angin kencang dihampir seluruh wilayah kalimantan tengahkalimantan timurwaspada potensi hujan sedang hingga lebat yang disertai kilatpetir dan angin kencang sesaat di wilayah melak long apari long bagun dan lahamsulawesi baratwaspada potensi hujan dengan intesitas sedang hingga lebat yang dapat disertai kilatpetir dan angin kencang di wilayah kab polewali mandar dan majene pada malam harisulawesi selatanmoderate sea gel 12525 m terjadi di selat makassar bagian selatan perairan spermonde makassar bagian barat perairan sabalana perairat kep selayar teluk bone bagian selatan dan laut flores bagian utaralihat jugahari i libur panjang penumpang bandara soetta tembus 61 ribusulawesi utarawaspada potensi hujan sedang hingga lebat yang dapat disertai kilatpetir dan angin kencang di wilayah manado bitung tomohon minahasa minahasa utara minahasa selatan bolomong dan bolmong utaragorontalowaspada potensi hujan sedang hingga lebat yang disertai kilatpetir dan angin kencang pada siang hingga sore hari di wilayah suwawa dan sekitarnyamaluku utarawaspada potensi hujan lebat yang disertai petir dan angin kencang di wilayah tobelo morotai galela dan kao pada siang dan sore haripapuaberpotensi terjadi hujan dengan intensitas sedang hingga lebat di wilayah jagebob bacbac,True
,longsor tabanan bali,https://www.cnnindonesia.com/nasional/20221018162150-20-862205/walhi-banjir-hingga-longsor-masif-di-bali-akibat-alih-fungsi-lahan,2022-10-19 06:26:00,cnnindonesia.com,"




",judul author tanggal rabu 19 okt 2022 0626 wib denpasar cnn indonesia banjirtermasuk banjir bandanghingga longsor yang terjadi di bali beberapa waktu terakhir menjadi sorotan terutama di kabupaten karangasem dan kabupaten jembranadirektur eksekutif walhi bali made krisna dinata mengatakan tak dapat dipungkiri banjir dan longsor yang terjadi saat curah hujan tinggi itu karena faktor banyaknya alih fungsi lahan di pulau dewata tersebutjadi adanya bencana akhirakhir ini yang sangat besar menimpa jembrana dan karangasem itu menurut hemat kami ditengarai adalah alih fungsi lahan yang signifikan yang disebabkan oleh salah satunya adalah pembangunan infrastruktur yang atraktif terhadap lingkungan kata krisna saat ditemui di kantor walhi bali di denpasar selasa 1810 lihat juga banjir dan longsor bali tewaskan 6 wargaselain itu walhi menilai banjir dan longsor jugsa menunjukkan upaya pengendalian pemanfaatan ruang di bali sangat kurangdari sistem drainase dan makin berkurangnya vegetasi di dataran tinggi atau lahan curam yang bisa mencegah longsor terlebih ketika menghadapi cuaca ekstrem seperti akhirakhir ini sebab terdapat terumbu karang seluas 52 hektar yang akan terancam hilang oleh aktivitas pengerukan tersebut yang di mana terumbu karang di pesisir sanur memiliki fungsi sebagai barrier reef untuk menahan gelombang dari pesisir menuju ke daratan ujarnyabeban lingkungan yang terus bertambah tanpa adanya perbaikan tata kelola lingkungan serta perbaikan berupa perluasan ekosistem yang rusak dan pembatasan pembangunan infrastruktur yang menyebabkan alih fungsi lahan serta perubahan bentang alam akan sangat berdampak serius bagi lingkungan bali ke depannya tambahnyakemudian banyak lahan yang acapkali dikonversi menjadi infrastruktur sehingga merubah bentang alam yang ada bahkan tak jarang ekosistem esensial seperti mangrove yang memiliki fungsi vital dalam memitigasi bencana juga kerap terancamsalah satunya karena adanya rencana pembangunan terminal lng di kawasan mangrove dan pesisir sanur rencana pembangunan terminal lng di kawasan mangrove tahura ngurah rai sedikitnya akan menghilangkan 145 hektare mangrove ujarnyadirektur eksekutif walhi bali made krisna dinata saat memberi keterangan soal kondisi alam di bali cnn indonesiakadafilihat juga daftar akses jalan terputus tanah longsor di kabupaten malangproyek yang bertolak belakang dengan mitigasi perubahan iklimkrisna mengatakan ada pula faktor perubahan iklim climate change atau pemanasan global akibat kenaikan suhu permukaan bumi global warming namun sambungnya bencana yang terjadi sejatinya efek domino dari alih fungsi lahan yang mengabaikan ancaman cuaca ekstrem akibat perubahan iklim itupihaknya mencontohkan kebijakan pemerintah atas upaya perlindungan hutan bakau atau hutan mangrove di wilayah pesisir selain itu pihaknya pun mengkritisi berkurangnya keberadaan sawah yang memiliki sistem irigasi pengaturan air yakni subak yang dikorbankan demi jalan tol gilimanukmengwikami di sini mengkritisi beberapa proyekproyek yang memang memiliki andil besar dalam perubahan ahli fungsi lahan salah satunya proyek jalan tol gilimanukmengwi kata krisnadia mengutip dari kerangka acuan analisis dampak lingkungan ka andal proyek tol gilimanukmengwi yang beberapa ratus hektare di antaranya masuk ke dalam proyek tersebut dalam catatan walhi bali kata krisna setidaknya ada 98 titik subak yang terkena di sepanjang trase pembangunan jalan tol gilimanukmengwiia mengatakan berdasarkan pakar pertanian prof windia subak kian hari kian berkurang jumlahnya krisna menerangkan subak memiliki fungsi sebagai saluran irigasi dan mendistribusi air yang turut menjaga dan mengatur sistem hidrologis airdisebutkannya satu hektare sawah mampu menampung 3000 ton air apabila tinggi airnya 7 cm oleh karena itu bila 48054 hektare sawah hilang maka akan ada 1441620 ton air yang tidak teririgasi dan tertampung oleh persawahanjika ditambah dengan hilangnya 98 titik subak akibat beralih fungsi menjadi jalan tol maka jumlah subak akan berkurang terus menjadi 1498 subak katanyaitulah sambungnya yang bisa berdampak pada risiko banjir dan longsorsalah satu contohnya adalah kasus banjir di jembrana pada oktober 2021 ujarnyaselain itu walhi bali juga menyoroti rencana pembangunan terminal lng di kawasan mangrove dan pesisir sanur denpasar yang akan mengurangi daya dukung dalam memitigasi bencanamangrove juga berperan besar dalam pengendalian perubahan iklim melalui kemampuannya dalam menyimpan dan menyerap karbon 4 dan 5 kali lebih banyak dari hutan tropis daratan semua keunggulan ekosistem mangrove tersebut menjadi pertimbangan penting yang menyatu dengan upaya menjaga kestabilan tata kelola bentang alam dan perbaikan mutu lingkungan kata krisnalihat juga banjir di jembrana bali 18 desa terendam akses jalur utama lumpuhmengutip dari antara kepala bpbd bali i made rentin menyatakan peristiwa bencana banjir bandang dan tanah longsor yang menimpa sejumlah daerah di pulau dewata pada senin 1710 menyebabkan enam orang meninggal duniatotal meninggal dunia enam orang ada tiga orang di kabupaten karangasem satu orang di bangli satu orang di tabanan dan satu orang di jembrana kata rentin di denpasar selasauntuk satu warga kabupaten jembrana yang hanyut terseret arus bpbd setempat masih melakukan pencarian korbanselain menyebabkan korban meninggal dunia bencana banjir bandang dan tanah longsor di provinsi bali juga menyebabkan sejumlah jembatan penghubung di kabupaten terputus dan sejumlah rumah warga rusak dan warga dilaporkan mengungsi ke rumah kerabat terdekat sementara waktupusat pengendalian operasi bpbd provinsi bali juga menginformasikan dampak cuaca ekstrem di sejumlah wilayah seperti kabupaten karangasem bangli dan tabanansejumlah kecamatan terdampak di kabupaten karangasem yaitu kecamatan abang selat bebandem rendang dan karangasem untuk kabupaten bangli curah hujan dengan intensitas tinggi juga memicu longsor yang menutup akses jalan kdfkid,True
,longsor tabanan bali,https://www.cnnindonesia.com/teknologi/20211022182338-199-711152/bmkg-longsor-dan-runtuhan-terus-jadi-momok-gempa-di-bali,2021-10-22 21:00:00,cnnindonesia.com,"




",judul author tanggal jumat 22 okt 2021 2100 wib jakarta cnn indonesia badan meteorologi klimatologi dan geofisika bmkg menyebut gempa yang disertai collateral hazard atau dampak ikutan seperti tanah longsor dan runtuhan batu di bali bakal terus terjadikepala bidang mitigasi gempa bumi dan tsunami bmkg daryono menyebut dampak ikutan itu bisa terjadi jika ada gempa kuat di wilayah tersebutkejadian ikutan gempa itu akan terus terjadi kalau tidak dilakukan upaya mitigasi terkait dampak ikutan ini ujar daryono secara virtual jumat 2210 sore lihat juga 5 korban luka gempa bali masih dirawat disantuni rp10 jutagempa magnitudo 48 mengguncang kawasan karangasem bali pada sabtu 1610 pagi gempa menimbulkan kerusakan pada sejumlah bangunan lantaran terjadi longsor di kabupaten karangasemkepala pvmbg andriani mengatakan dampak dari adanya bencana gempa bumi tersebut mengakibatkan bahaya ikutan berupa retakan tanah longsoran dan reruntuhan batu di samping itu daryono juga mencatat ada beberapa kejadian gempa yang tercatat bmkg pernah menghasilkan dampak ikutan seperi terjadi pada 1815 1917 dan 1976 di baliterdekat gempa serupa juga pernah terjadi tahun 2017 dan menyebut gempa bali 16 oktober lalu masih satu klastermekanisme sumber yang terjadi pada tahun 2017 mirip dengan yang terjadi pada saat ini bukti gempa yang kemarin ini masih kluster dengan gempa 2017 tutur daryonodia mengatakan gempa yang terjadi pada 22 november 1815 di bali mengalami tanah longsor dan menelan korban jiwa ia mengatakan rekahan tanah terbesar di banyak tempat dan sampai memotong danau tamblingan hingga menyebabkan banjir besarlebih lanjut ia menjelaskan gempa juga terjadi pada 21 januari 1917 di bali yang mengakibatkan 1500 orang meninggal dunia akibat longsor yang disebabkan gempa bumipada 14 juli 1976 pihaknya mencatat terjadi likuifaksi dampak gempa bumi di seririt bali memicu terjadinya banyak rekahan tanah ground failure dan longsoran landslidelihat juga pvmbg jelaskan penyebab gempa di balirekahan tanah dan longsoran tebing dilaporkan terjadi di daerah pupuan tabanan bukit geger kabuparen buleleng sebanyak 559 orang meninggal dunia dalam gempa bumi itudi samping itu daryono juga menjelaskan alasan mengapa gempa dengan skala kecil bisa merusak bangunan penduduk ia mengatakan jenis tanah yang ada di lokasi terdampak gempa merupakan tanah lunak yang berasal dari endapan lahar hasil letusan gunung berapiselain jenis tanah yang menjadi faktor parahnya dampak gempa bumi daryono mengatakan hal itu dapat diperparah dengan kontur topografi yang semakin tinggi bukti akan semakin menambah percepatan terjadinya lonsoran canfjr,True
,longsor tabanan bali,https://www.cnnindonesia.com/teknologi/20220207195518-199-756197/viral-fenomena-puting-beliung-di-bali-berikut-penjelasan-bbkmg,2022-02-07 20:00:00,cnnindonesia.com,"




",judul author tanggal senin 07 feb 2022 2000 wib denpasar cnn indonesia fenomena puting beliung terekam oleh ponsel warga dan menjadi viral di media sosial pada senin 72 siangvideo itu diunggah oleh akun budiastawa203 di media instragram dan terlihat fenomena angin puting beliung itu berputarputar di tengah persawahan yang ada di kawasan kabupaten tabanan balifenomena angin puting beliung terlihat di desa luwus baturiti tabanan tulis akun itu lihat juga 46 rumah warga makassar rusak diterpa angin puting beliungkoordinator bidang data dan informasi balai besar mkg bbkmg wilayah iii denpasar bali i nyoman gede wiryajaya mengatakan hal tersebut adalah puting beliung dan disebabkan oleh adanya awan cumulonimbusjika pusaran angin seperti itu terjadi di darat disebut puting beliung dan jika di air laut atau danau disebut water spout dan disebabkan oleh awan cb cumulonimbus kata wiryajaya ia juga menyebutkan memang pada senin 72 dari siang dan sore terjadi hujan yang disertai angin kencang di bali bagian tengah atau tabanan selain ada puting beliung juga terjadi pohon tumbang dan banyak dahan pohon patah di jalan raya beringkit kapal kabupaten badung serta banjir di jembatan perbatasan sibanggede dan darmasaba di kabupaten badung balilihat juga kolombencana dan kegagalan media memberitakan krisis iklimia menyebutkan dari analisa sementara berdasarkan analisis nilai kelembaban udara dan lapisan permukaan hingga 700 mb menunjukkan nilai cukup tinggi yaitu berkisar antara 70 hingga 90 persenfaktor tersebut mendukung proses terjadinya pembentukan awan konvektif ehingga terjadi hujan dengan intensitas sedang dan lebat berdasarkan analisis citra radar terdapat awan awan konvektif yang disertai hujan ringan hingga lebat mencapai 48 dbz di daerah tersebut dari jam 1350 hingga 1550 wita dan berdasarkan citra satelit cloud type himawari terdapat awan cb pada pukul 1500 wita di pesisir selatan tabanan ujarnyaia juga menghimbau agar masyarakat tetap waspada terhadap dampak bencana yang dapat ditimbulkan seperti banjir genangan air tanah longsor angin kencang pohon tumbang serta kilat dan petirselain itu bagi pengguna dan operator jasa transportasi laut nelayan wisata bahari dan masyarakat yang beraktivitas di sekitar wilayah pesisir dihimbau untuk waspada potensi gelombang laut dengan ketinggian mencapai 20 atau lebih di selat bali bagian selatan selat badung selat lombok dan samudra hindia selatan bali tutup wiryajaya kdfmik,True
