author,keyword,link,publish_date,source,title,cleaned_content,is_valid
Muhammad Lugas Pribady - detikTravel,badai tabanan bali,https://travel.detik.com/travel-news/d-8107351/banjir-bali-dipicu-masifnya-pembangunan-pariwisata-dan-degradasi-lingkungan,2025-09-11 20:04:00,detik.com,"
        Banjir Bali Dipicu Masifnya Pembangunan Pariwisata dan Degradasi Lingkungan    ",jakarta situasi buruk tengah melanda destinasi favorit wisata indonesia bali diterpa banjir besar hingga sembilan orang meninggal duniahingga akhirnya turisturis yang tengah berada di sana harus dievakuasi dari penginapan oleh petugas gabunganbadan nasional penanggulangan bencana bnpb mengatakan banjir melanda beberapa wilayah bali mulai dari denpasar jembrana gianyar klungkung badung dan tabanan dan kini bali sudah ditetapkan dalam status darurat bencana scroll to continue with content baca juga bali banjir konjen australia ingatkan warganya agar selalu waspadasituasi yang terjadi hingga menyita atensi dari media luar negeri pemberitaan afp dengan judul deadly floods inundate indonesias bali and flores islands dari laporan itu menyebutkan banjir terjadi karena perubahan iklim yang berpengaruh pada pola badai advertisement berimbas pada lama dan tingkat keparahan sehingga menyebabkan hujan deras banjir bandang dan angin yang kencang menanggapi hal itu pakar strategi pariwisata taufan rahmadi menegaskan degradasi lingkungan yang terjadi di bali membuat bencana ini semakin parahhujan ekstrem memang faktor utama tapi degradasi lingkungan di bali jelas memperparah dampaknya alih fungsi lahan hilangnya ruang terbuka hijau dan betonisasi membuat air tidak bisa cepat terserap kata taufan dalam pandangannya kepada detiktravel kamis 1192025banjir ini bukan sekadar bencana alam tapi juga cermin dari bagaimana kita memperlakukan bali lanjutnyataufan juga menyoroti dewasa ini bali mengalami perubahan lingkungan yang begitu ironis menurutnya kala musim kemarau berlangsung bali mengalami kesulitan air bersih dan saat musim hujan banjir besar akan terjadibaca juga mengenal gelombang ekuatorial rossby yang bikin bali dikepung banjirhal itu juga seraya pembangunan pariwisata yang dilakukan secara sporadis tanpa perencanaan tata ruang yang berkelanjutanbali menghadapi paradoks serius di satu sisi masyarakat kesulitan air bersih saat kemarau di sisi lain kebanjiran saat hujan deras ini akibat pembangunan pariwisata yang masih tanpa perencanaan tata ruang yang kuat sehingga mitigasi bencana tidak pernah benarbenar terintegrasi jelas taufan video bicara soal banjir menteri lh soroti daerah aliran sungai bali video bicara soal banjir menteri lh soroti daerah aliran sungai bali updwsw degradasi lingkungan banjir bali perubahan iklim bencana alam,True
Matius Alfons Hutajulu - detikNews,badai tabanan bali,https://news.detik.com/berita/d-7685964/ri-dilanda-cuaca-ekstrem-waka-komisi-v-dpr-minta-pemerintah-tanggap-bencana,2024-12-14 05:56:00,detik.com,"
        RI Dilanda Cuaca Ekstrem, Waka Komisi V DPR Minta Pemerintah Tanggap Bencana    ",jakarta wakil ketua komisi v dpr ri andi iwan darmawan aras menyoroti cuaca ekstrem yang tengah melanda sejumlah daerah di tanah air belakangan ini ia meminta pemerintah untuk meningkatkan infrastruktur mitigasi kebencanaan demi menjaga keselamatan masyarakatkondisi alam belakangan ini semakin tidak menentu sehingga negara dituntut lebih responsif dan tanggap dalam menghadapi potensi bencana alam yang dapat terjadi kapan saja selain upaya mitigasi kita harapkan ada antisipasi dari sisi infrastruktur kebencanaan ujar andi iwan darmawan aras dalam keterangannya sabtu 14122024infrastruktur yang dimaksud meliputi bangunan vital fasilitas umum sistem angkutan umum telekomunikasi dan sistem tenaga listrik yang dirancang untuk menahan dampak bencana alam iwan mengatakan pemerintah harus memprioritaskan kebutuhan dan keamanan masyarakat saat terjadi bencana scroll to continue with content perlu adanya koordinasi antara bmkg bnpb tnipolri basarnas dan semua stakeholder guna meningkatkan kapasitas operasionalnya agar penanganan bencana dapat lebih efisien sebutnyakoordinasi yang baik dapat mengurangi risiko dan memastikan keselamatan masyarakat indonesia imbuh iwan aras advertisement baca juga antisipasi cuaca ekstrem pohon besar di dtw alas kedaton tabanan dipangkaslebih lanjut pimpinan komisi dpr yang membidangi urusan infrastruktur dan transportasi itu pun mendukung upaya pemerintah yang terus melakukan langkahlangkah mitigasi bencana iwan juga mengimbau kepada masyarakat untuk berhatihati dalam berkegiatan selama indonesia masih menghadapi cuaca ekstremsaatnya untuk meningkatkan upaya bersama demi indonesia yang lebih aman dan siap menghadapi tantangan cuaca ekstrem yang semakin sering terjadi tuturnyaseperti diketahui sejumlah daerah dilanda bencana alam buntut cuaca ekstrem seperti kabupaten sukabumi yang sempat lumpuh akibat banjir longsor dan pergeseran tanah akibat kejadian ini sejumlah rumah warga dan fasilitas umum mengalami kerusakanbeberapa hari terakhir bali juga dilanda badai puting beliung bahkan akibat puting beliung 2 warga negara asing wna yang tengah mengunjungi kawasan objek wisata monkey fores di kawasan ubud meninggal dunia karena tertimpa pohon yang tumbang rumahrumah warga di wilayah bali lainnya juga dilaporkan rusaktidak hanya bali berbagai daerah lain di indonesia juga menghadapi bencana alam yang berdampak pada keselamatan masyarakat dan kerusakan infrastruktur maaeva cuaca ekstrem dpr,True
Rizki Setyo Samudero - detikTravel,badai tabanan bali,https://travel.detik.com/travel-news/d-7690896/bencana-hantui-bali-jelang-libur-nataru-alih-fungsi-lahan-jadi-sorotan,2024-12-17 18:31:00,detik.com,"
        Bencana Hantui Bali Jelang Libur Nataru, Alih Fungsi Lahan Jadi Sorotan    ",denpasar bencana alam menghantui bali menjelang libur natal dan tahun baru nataru pengamat pun menyoroti alih fungsi lahan yang kian massif di pulau dewatabali dikepung bencana alam menjelang momen libur akhir tahun badan penanggulangan bencana daerah bpbd bali mencatat ada tiga bencana banjir dan empat tanah longsor di pulau dewata dalam sepekan terakhir dari tanggal 9 hingga 16 desember 2024pengamat tata ruang dan perkotaan dari universitas udayana unud putu rumawan salain menyoroti masifnya alih fungsi lahan di bali sebagai salah satu penyebab bencana banjir dan tanah longsor saat musim hujan scroll to continue with content menurut dia banyak lahan pertanian hingga sempadan sungai yang beralih fungsi untuk pemukiman maupun kepentingan industri pariwisatabanyak peralihan fungsi lahan sawah tegal itu beralih fungsi bahkan sampai kepada pinggirpinggir sungai maupun danau itu semua dimanfaatkan untuk kepentingan penunjang pariwisata sampai ke perumahan ujar rumawan selasa 17122024 advertisement baca juga bandara phuket diolokolok gegara tayangkan rumah peranakan singapuraia mencontohkan tukad ayung yang belakangan dibangun perumahan padahal dulunya sungai tersebut menjadi jalur air hujan yang melimpah ke sungai walhasil saat menjadi lokasi pembangunan pengembang harus membuatkan saluran air baru yang mengarah ke sungaikalau tidak tempat itu banjir berarti dia melempar banjir ke tetangga ungkap rumawandosen fakultas teknik unud itu menilai bangunan di kawasan perkotaan saat ini lebih luas dibandingkan halaman terbuka pada saat yang sama ruang terbuka hijau juga semakin sempitmenurut rumawan idealnya perlu menyiapkan paling tidak 30 persen ruang terbuka dari seluruh luas lahan yang dibangun ia menyebut luas ruang terbuka saat ini hanya tersisa sekitar 1520 persenbaca juga 5 negara yang melarang perayaan natal alasan dan dampaknyamasalah berikutnya lahan bangunan saat ini lebih banyak menggunakan lapisan semen beton atau paving akibatnya tanah di perumahan tidak mampu menyerap air hal itu menyebabkan ratusan hingga ribuan rumah yang tumbuh di satu wilayah dapat melempar airnya ke luar rumahke got nggak sanggup ke jalan nggak sanggup makanya air di jalan juga naik akhirnya menjadi rendah di sana airnya menumpuk dan tergenang banjir ke manamana urai rumawanguru besar bidang arsitektur konservasi itu juga mengatakan bahan pengerasan seperti penggunaan semen maupun paving terlihat baik secara estetikanamun dampaknya buruk untuk lingkungan meski begitu ia menilai perlunya menghitung intensitas hujan yang mengakibatkan banjir di sejumlah titik di bali belakanganbaca juga gang nikmat hidden gem kuliner tersembunyi di bandungrumawan mendorong pemerintah agar tertib disiplin menjalankan aturan tata ruang ia menyebut banyak lahan yang dijual meski tidak cocok untuk dijadikan sebagai lokasi pembangunanmisalkan puluhan hektare akan menjadi pemukiman seperti di daerah tabanan itu pasti akan mengubah fungsi lahan ungkap diaselain itu rumawan juga menyarankan pemerintah agar membuat saluran air yang memadai di sisi lain ia juga melihat para pengembang pembangunan yang tak menghitung limpahan air saat musim hujankalau lahannya tibatiba tidak baik daya serap airnya itu bisa merusak rumah karena fondasinya terendam pungkasnyabaca juga viral gajah bali zoo hanyut terseret arus sungaisebelumnya diberitakan bencana banjir menerjang kawasan sukawati gianyar pada senin 1612 seekor gajah betina bernama moly milik kebun binatang bali zoo park pun hanyut saat dipandu menuju kandangnya moly ditemukan dalam kondisi tewasakibat cuaca buruk dan angin kencang pohon tumbang juga terjadi di sejumlah wilayah bahkan dua turis asing tewas akibat pohon tumbang di monkey forest ubud pada 10 desember laluartikel ini telah naik di detikbali video cara warga jamaika amankan pasokan menjelang badai melissa video cara warga jamaika amankan pasokan menjelang badai melissa wswwsw bali bencana alam pengamat alih fungsi lahan,True
