author,keyword,link,publish_date,source,title,cleaned_content,is_valid
,badai tabanan bali,https://www.cnnindonesia.com/teknologi/20241104065011-641-1162629/potensi-la-nina-deret-wilayah-ini-terancam-banjir-bulan-november,2024-11-04 07:05:00,cnnindonesia.com,"




",judul author tanggal senin 04 nov 2024 0705 wib daftar isi aceh sumatera utara riau kepulauan riau sumatera barat jambi bengkulu sumatera selatan kepulauan bangka lampung banten dki jakarta jawa barat jawa tengah di yogyakarta jawa timur bali nusa tenggara barat nusa tenggara timur kalimantan barat kalimantan tengah kalimantan selatan kalimantan timur kalimantan utara sulawesi utara gorontalo sulawesi tengah sulawesi barat sulawesi selatan sulawesi tenggara maluku maluku utara papua barat papua jakarta cnn indonesia fenomena la nina berpotensi muncul di indonesia pada bulan november ini dampaknya sejumlah daerah berpotensi terendam banjirbadan meteorologi klimatologi dan geofisika bmkg mengungkap tandatanda fenomena la nina muncul di indonesia semakin jelas kepala bmkg dwikorita karnawati mengatakan pihaknya saat ini sudah mendeteksi peluang terjadinya la nina di tanah airakhir oktober kita bisa memastikan apakah itu la nina namun alangkah baiknya mulai saat ini kita perlu bersiap karena di pertengahan oktober telah terdeteksi perbedaan suhu muka air laut di samudra pasifik bagian ekuator tengah timur itu sudah lebih dingin dari normalnya kata dwikorita dalam sebuah video yang diunggah di akun bmkg dikutip jumat 111 hasil analisis dinamika atmosfer dasarian ii oktober menunjukkan hasil monitoring indeks indian ocean dipole iod dan el nino southern oscillation enso menunjukkan indeks iod melewati batas ambang iod negatif indeks 111 namun baru berlangsung satu dasarian sehingga statusnya tetap iod netrallihat juga la nina berpotensi muncul di indonesia waspada dampak buruknya anomali suhu permukaan laut sst di nino 34 juga menunjukkan kondisi yang melewati batas ambang la nina dengan indeks 064batasan la nina itu perbedaan suhunya itu 05 ini sudah melampaui batas tadi sekarang sudah 064 artinya lebih dingin dari normalnya namun karena belum ada 30 hari sehingga kita masih harus memastikan tunggu sampai akhir oktober itu masih mendingin atau pulih kembali menuju normal jadi ada kewaspadaan ujarnyabmkg mengungkap saat fenomena la nina berlangsung sebagian wilayah indonesia akan mengalami peningkatan curah hujan sebanyak 20 hingga 40 persen pada periode junijuliagustus dan septemberoktobernovembersedangkan pada periode desemberjanuarifebruari dan maretaprilmei sebagian wilayah barat indonesia mengalami peningkatan curah hujan karena pengaruh angin monsunlihat juga selamat datang november rain sambut hujan setelah terpanggangselama fenomena la nina ada sejumlah bencana yang berpotensi terjadi secara umum bencanabencana tersebut berkaitan erat dengan hidrometeorologidengan peningkatan curah hujan saat la nina kemungkinan bencana yang dapat terjadi adalah banjir banjir bandang tanah longsor angin kencang puting beliung bahkan badai tropisbmkg dalam prakiraan daerah potensi banjir mengungkap ada sejumlah bdaerah yang terancam terendam banjir selama november berikut daftarnyaacehaceh barat aceh barat daya aceh besar aceh tamiang aceh timur aceh jaya aceh utara aceh selatan kota banda aceh aceh singkil kota langsa kota sabang aceh tengah pidie aceh tenggara bener meriah bireuen gayolues kota langsa kota lhokseumawe kota subulussalam nagan raya pidie jaya siemeluesumatera utaraasahan batubara deli serdang karo humbang hasundutan kota binjai kota gunung sitoli kota medan kota padang sidimpuan kota pematang siantar kota tanjung balai kota sibolga labuhanbatu kota tebing tinggi labuhanbatu utara langkat labuhanbatu selatan padang lawas utara langkat samosir mandailing natal serdang bedagai nias simalungun nias barat tapanuli selatan nias selatan nias utara toba samosir padang lawas pakpak bharat samosir tapanuli tengah tapanuli utara toba samosirriaubengkali indragiri hilir indragiri hulu kampar kota dumai kampar rokan hilir rokan hulu kepulauan meranti kota pekanbaru kuantan sengingi pelalawan siakkepulauan riaubintan natuna karimun kepulauan anambas kota batam kota tanjung pinang lingga natunasumatera baratagam dharmasraya kota payakumbuh kepulauan mentawai lima puluh kota kota bukittinggi pesisir selatan kota padang sijunjung kota padangpanjang solok kota pariaman solok selatan kota sawahlunto pasaman pasaman barat tanah datarjambibatanghari bungo kerinci kota sungaipenuh merangin kota jambi muaro jambi sarolangun tanjung jabung barat tanjung jabung timur tebobengkulubengkulu selatan bengkulu utara kaur lebong bengkulu tengah kepahiang kota bengkulu mukamuko rejang lebong selumasumatera selatanbanyuasin empat lawang kota lubuk linggau musi rawas kota pagar alam ogan komering ilir kota palembang kota prabumulih lahat muara enim musi banyuasin musi rawas musi rawas utara ogan ilir ogan komering ilir ogan komering ulu ogan komering ulu selatan ogan komering ulu timur palikepulauan bangkabangka bangka barat bangka selatan bangka tengah belitung belitung timur kota pangkalpinanglampunglampung barat kota bandar lampung lampung tengah kota metro lampung timur lampung selatan lampung utara mesuji pesawaran pesisir barat tanggamus tulang bawang pringsewu tulang bawang barat waykananbantenlebak pandeglang kota tangerang selatan kota cilegon kota serang kota tangerang tangerang serangdki jakartajakarta selatan jakarta timur jakarta barat jakarta pusat jakarta utarajawa baratbandung bandung barat bogor bekasi cirebon ciamis indramayu cianjur karawang garut kota bekasi kota bogor kota cirebon kota sukabumi kuningan pangandaran majalengka purwakarta subang kota bandung subang sukabumi tasikmalaya kota cimahi kota depok kota tasikmalaya sumedangjawa tengahbanjarnegara banyumas batang blora brebes boyolali demak cilacap grobogan kebumen cilacap jepara kendal magelang klaten pekalongan kota pekalongan pemalang karanganyar kota semarang purbalingga kota tegal purworejo kudus tegal pati wonosobo kota magelang kota surakarta rembang sukoharjo wonogiri sragen temanggungdi yogyakartasleman bantul gunung kidul kota yogyakarta kulonprogojawa timurblitar jember banyuwangi bangkalan kediri bojonegoro blitar malang bondowoso pacitan gresik probolinggo jombang kota batu kota madiun kota malang kota mojokerto lumajang kota surabaya lamongan madiun magetan nganjuk ngawi pasuruan ponorogo pamekasan trenggalek tulungagung sampang sidoarjo situbondo sumenep tubanbalibadung bangli buleleng gianyar jembaran karangasem tabanan klungkung kota denpasar tabanannusa tenggara baratkota mataram lombok barat lombok tengah bima dompu lombok utara kota bima sumbawa barat lombok timur sumbawanusa tenggara timurmanggarai manggarai timur kupang manggarai barat alor belu ende flores timur ngada kupang timor tengah selatan lembata nagekeo sikka sumba barat sumba barat daya sumba tengah ttimor tengah utarakalimantan baratkapuas hulu bengkayang ketapang sanggau kayong utara sintang kota pontianak kota singkawang kuburaya landak melawi mempawah sambas sanggau sekadaukalimantan tengahbarito selatan pulang pisau barito timur barito utara gunung mas kapuas katingan kota palangkaraya kotawaringin barat kotawaringin timur lamandau murung raya seruyan sukamarakalimantan selatanbalangan banjar hulu sungai selatan barito kuala hulu sungai tengah kotabaru tanah bumbu hulu sungai utara tanah laut kota banjarbaru kota banjarmasin tabalong tapinkalimantan timurkutai barat berau kota balikpapan kota samarinda kota bontang kutai kartanegara kutai timur paser peanajam paser utara mahakam ulukalimantan utarabulungan malinau nunukan tana tidungsulawesi utarabolaang mongondow bolaang mongondow timur bolaang mongondow selatan bolaang mongondow utara kepulauan sangihe kepulauan siau tagulandang biaro kota bitung kepulauan talaud minahasa utara kota bitung kota kotamobagu kota manado minahasa minahasa selatan minahasa tenggara minahasa utaragorontalogorontalo utara boalemo bone bolango gorontalo kota gorontalo pahuwatosulawesi tengahdonggala morowali morowali utara poso banggai banggai kepulauan banggai laut sigi buol kota palu parigi moutong tojo unauna tolitoli sulawesi baratmajene mamasa mamuju mamuju utara mamuju tengah polewali mandar polewali mandarsulawesi selatanbantaeng barru bulukumba enrekang jeneponto gowa kepulauan selayar kota makassar luwu luwu timur luwu utara maros pangkajene kepulauan pinrang sinjai sidenreng rappang soppeng takalar tana toraja toraja utara wajosulawesi tenggarabombana buton buton selatan konawe kepulauan konawe selatan konawe utara kota bau bau kota kendari muna muna baratmalukuburu buru selatan kepulauan aru kota tual kota ambon maluku tengah maluku tenggara maluku barat daya seram bagian timur maluku tenggara barat seram bagian baratmaluku utarahalmahera barat halmahera tengah halmahera selatan halmahera timur halmahera utara kota ternate pulau morotai kepulauan sula tidore kepulauan pulau taliabupapua baratfakfak manokwari kota sorong manokwari selatan maybrat teluk bintuni sorong selatan teluk wondamapapuadeiyai mimika dogiyai jayawijaya jayapura keerom intan jaya mamberamo raya mamberamo tengah kepulauan yapen merauke kota jayapura nabire sarmi mappi yalimo dmi,True
