author,keyword,link,publish_date,source,title,cleaned_content,is_valid
,erupsi klungkung bali,https://www.cnnindonesia.com/nasional/20171129101704-20-258835/gunung-agung-awas-pos-karangasem-kekurangan-stok-alas-tidur,2017-11-30 00:10:00,cnnindonesia.com,"",judul author tanggal kamis 30 nov 2017 0010 wib jakarta cnn indonesia kepala dinas sosial karangasem puspa kumari mengatakan pos komando siaga bencana erupsi gunung agung di tanah ampo kekurangan stok matras atau alas tidur untuk para pengungsi puspa menuturkan masih banyak pengungsi yang membutuhkan matras atau alas tidur untuk digunakan selama di pengungsianjumlah pengungsi di kabupaten karangasem pada selasa 2811 telah mencapai 10184 jiwabanyak yang minta tapi belum ada kata puspa kepada cnnindonesiacom rabu 2911 lihat jugapemerintah jamin stok bbm dan gas di bali amanmenurut puspa sudah banyak matras dan terpal yang rusak di sejumlah tenda pengungsian bahkan lanjutnya ada pula yang sudah tidak di dalam tendabelum ada belum tersedia untuk matras tikar bantal tidak ada jadi pengungsi bawa sendiri ujar puspa sementara itu untuk ketersediaan masker kata puspa pihaknya memiliki stok sekitar 100ribu maskerjumlah itu masih mencukupi kebutuhan pengungsi saat ini namun pos komando tetap meminta pihak terkait maupun para donatur untuk memberikan bantuan maskerkan tidak dipakai terus bisa rusak jadi masih membutuhkan ucapnyalihat jugaantisipasi gunung agung bppd klungkung sebar 20 ribu maskerpuspa menyampaikan pihaknya juga telah berkoordinasi dengan sejumlah pihak termasuk dengan bnpb untuk bisa memenuhi kebutuhan logistik para pengungsi baik berupa matras masker dan kebutuhan lain namun sampai saat ini bantuan belum bisa diberikanbelum keluar bantuan sedang proses tutur puspajumlah pengungsi gunung agung hingga kemarin mencapai 38678 jiwalihat jugapengungsi di klungkung sempat tak dapat alas tidur di tendapengungsi tersebut tersebar di 225 titik yang terletak di sembilan kabupatenkota di bali yakni buleleng klungkung karangasem bangli tabanan denpasar gianyar badung serta jembaranajumlah pengungsi terbanyak berada di kabupaten karangasem yang mencapai 10184 jiwa wis,True
,erupsi klungkung bali,https://www.cnnindonesia.com/nasional/20171204205925-20-260127/stok-air-pengungsi-gunung-agung-hanya-tersisa-untuk-satu-hari,2017-12-04 21:37:00,cnnindonesia.com,"




",judul author tanggal senin 04 des 2017 2137 wib jakarta cnn indonesia koordinator logistik pos komando gunung agung puspa kumari menyatakan stok air mineral untuk para pengungsi korban erupsi gunung agung bali semakin menipis gunung agung yang berlokasi di kabupaten karangasem bali masih berstatus level iv awaskalau air mineral kami masih kekurangan paling tinggal untuk satu hari saja ujar puspa saat dihubungi cnnindonesiacom senin 412 sore posko komando merupakan pos utama yang menyalurkan logistik untuk para pengungsi gunung agung di pospos pengungsian yang ada posko tersebut terletak di tanah ampo karangasem balilihat jugaketika ketut sunaryo pilih ternak ketimbang mengungsidata yang diperoleh cnnindonesiacom dari humas satgas tanggap darurat bencana erupsi gunung agung jumlah pengungsi pada senin 412 pukul 1800 wita berjumlah 62330 jiwa mereka tersebar di 214 titik pengungsian di sembilan lokasi yakni buleleng klungkung karangasem bangli tabanan denpasar gianyar badung dan jembranadari sembilan lokasi tersebut jumlah pengungsi terbanyak ada di karangasem dengan total 18373 jiwaterlepas dari menipisnya stok air minum puspa menyatakan kebutuhan logistik di pos komando secara umum masih cukup dan tersedia hingga 10 hari ke depan terutama untuk kebutuhan yang terkait dengan makanan dan lauk pauk sementara itu gubernur bali i made mangku pastika meminta kepada para pengungsi bencana erupsi gunung agung untuk bersabarlihat jugagunung agung awas pos karangasem kekurangan stok alas tidurmangku pastika mengaku memahami keresahan pengungsi yang masih harus mengungsi sampai saat ini apalagi tentang keresahan para pengungsi terkait dengan pekerjaan yang mesti ditinggalkan maupun mereka yang kehilangan pekerjaan karena bencana erupsi gunung agungya resahlah ya sabarlah di sini diperlukan kesabaran cari kegiatan banyak pekerjaan di kota misalnya orang membutuhkan tukang kesempatan itu masih banyak kata mangku pastika dalam keterangan tertulis yang diterima cnnindonesiacomuntuk itu mangku pastika mengimbau kepada para pengungsi untuk bisa kreatif dalam melakukan aktivitas selama berada di pengungsian di sisi lain mangku pastika menyebut para pengungsi bencana erupsi gunung agung kali ini jauh lebih beruntung jika dibandingkan dengan masyarakat yang mengalami bencana erupsi gunung agung pada tahun 1963 silampemerintah saat itu tidak memberikan perhatian penuh terhadap warga yang mengungsi ujarnyasementara itu terkait dengan kebutuhan logistik para pengungsi mangku pastika mengaku masih ada kendala dalam penyaluran bantuan dari pos komando yang berada di tanah ampo hingga ke poskoposko pengungsianlihat jugapvmbg perlu 10 hari magma penuhi kawah gunung agungkendala pendistribusian tersebut akan diatasi dengan cara mengirim bantuan dari pos komando langsung ke kantor kecamatan nantinya lanjut mangku pastika para pengungsi diharapkan bisa secara mandiri mengambil kebutuhannya di kantor kecamatan tersebut wis,True
,erupsi klungkung bali,https://www.cnnindonesia.com/nasional/20171129190934-20-259066/puan-minta-perkuat-posko-darurat-terkait-erupsi-gunung-agung,2017-11-29 19:24:00,cnnindonesia.com,"




",judul author tanggal rabu 29 nov 2017 1924 wib jakarta cnn indonesia menteri koordinator pembangunan manusia dan kebudayaan pmk puan maharani menyatakan salah satu permasalahan terkait dengan erupsi gunung agung adalah jumlah pengungsi yang sangat fluktuatif oleh karena itu diperlukan kesiagaan lembaga terkaitsaat ini jumlah pengungsi diperkirakan mencapai 29673 jiwa yang tersebar di 217 tempat secara umum penanganan pengungsi sudah dilakukan dengan penyediaan logistik air bersih sanitasi dan pelayanan kesehatankabupaten karangasem menjadi wilayah yang paling parah akibat erupsi gunung agung dampak erupsi ini juga terasa di tempat lainnya yang ada di bali di antaranya klungkung bangli buleleng puan meminta agar kementerian dan lembaga terkait lebih fokus menggiatkan programnya dan meningkatkan aktivitas di pelbagai posko penanganan darurat bencanalihat jugapuan minta negara antisipasi konflik karena urbanisasikementerian itu juga menyatakan warga dilarang melakukan aktivitas apa pun di zona perkiraan bahaya ini terdiri dari area kawah gunung agung dan di seluruh area di dalam radius 8 km dari kawah puncak selain itu ditambah area perluasan sektoral ke arah utaratimur laut dan tenggaraselatan barat daya sejauh 10 km kehidupan di bali relatif normal tidak seperti yang digambarkan oleh mediamedia yang terganggu hanya jadwal penerbangan saja turis asing dapat memperoleh perpanjangan visa yang lebih mudah apabila visa kunjungannya sudah habis akibat terganggunya jadwal penerbangan kata puan dalam rapat tingkat menteri terkait antisipasi dampak erupsi gunung agung di jakarta rabu 2911siklon pulau jawatak hanya soal erupsi puan juga mengatakan diperlukan pelbagai upaya dalam mengantisipasi banjir dan tanah longsor banjir dan tanah langsor terjadi dari awal tahun dan lebih dari 18 juta penduduk merasakan dampaknyadia meminta kementerian dan lembaga terkait dengan persoalan banjir dan longsor karena siklon dapat mengantisipasikita antisipasi lagi dengan memberi peringatan dini kepada semua pihak dan meyiapkan semuanya mulai dari beras logistik air bersih sanitasi dan pelayanan kesehatan dan saya lihat semua kl sudah siap dan siaga kata diabmkg menyatakan cuaca ekstrem juga berkaitan dengan siklon tropis cempaka yang terjadi di wilayah perairan selatan jawa tengah hujan lebat banjir hingga longsor menyerang sejumlah desa di jawa asa,True
,erupsi klungkung bali,https://www.cnnindonesia.com/nasional/20171128183536-20-258718/puluhan-ribu-pengungsi-gunung-agung-tersebar-di-225-titik,2017-11-28 18:52:00,cnnindonesia.com,"




",judul author tanggal selasa 28 nov 2017 1852 wib karangasem cnn indonesia puluhan ribu orang mengungsi akibat erupsi gunung agung satgas tanggap darurat erupsi bencana gunung agung mencatat hingga selasa 2811 pukul 1800 wita jumlah pengungsi gunung agung mencapai 38678 jiwajumlah pengungsi itu tersebar di 225 titik yang terletak di sembilan kabupatenkota di bali yakni buleleng klungkung karangasem bangli tabanan denpasar gianyar badung serta jembarana jumlah pengungsi terbanyak berada di kabupaten karangasem yang mencapai 10184 jiwabadan nasional penanggulangan bencana bnpb mengatakan setidaknya ada sekitar 90000100000 warga yang perlu mengungsi karena berada di zona bahaya letusan gunung agunglihat jugapemda badung kucurkan dana layani wisman terlantardi zona bahaya letusan gunung agung itu terdapat 22 desa yang warganya diharuskan untuk mengungsi ke22 desa tersebut diantaranya desa ababi pidpid nawakerti datah bebandem jungutan buana giri tulamben dukuh kubu baturinggit ban sukadana menanga besakih pempatan selat peringsari muncan duda utara amertha bhuana dan sebudi beberapa catatan menunjukkan data yang berbeda tapi perkiraan awal ada 90000100000 penduduk harus kita evakuasi harus keluar dari zona berbahaya kata kepala data informasi dan humas bnpb sutopo purwo nugrohoaktivitas gunung agung mulai meningkat selasa 2811 siang gunung agung memuntahkan material pasir dan kerikil kepala pusat vulkanologi dan mitigasi bencana geologi pvmbg kasbani mengatakan materialmaterial itu dimuntahkan saat gunung agung meletus sekitar pukul 1337 witamenurutnya sebelum letusan terjadi sempat terjadi tremor overscale atau getaran dengan kekuatan yang cukup besarpusat vulkanologi dan mitigasi bencana geologi pvmbg menyatakan mengatakan asap kelabu dengan intensitas tebal dan tinggi 3300 meter masih terus keluar dari atas kawah gunung agungselain itu tremor menerus microtremor juga masih terus berlangsung dengan ampitudo 120mmlihat jugagunung agung muntahkan pasir dan kerikil ugogil,True
,erupsi klungkung bali,https://www.cnnindonesia.com/nasional/20171224140106-20-264553/gunung-agung-kembali-erupsi-warga-diminta-tetap-tenang,2017-12-24 16:40:00,cnnindonesia.com,"




",judul author tanggal minggu 24 des 2017 1640 wib jakarta cnn indonesia gunung agung kembali mengalami erupsi selama 10 menit sekitar pukul 1005 wita minggu 2412 erupsi juga dibarengi dengan asap kelabu tebal dengan tinggi kolom abu vulkanik sekitar 2500 meter di atas puncak kawah yang mengarah ke timur lautkepala pusat data informasi dan humas badan nasional penanggulangan bencana bnpb sutopo purwo nugroho menjelaskan hujan abu pun disertai pasir tipis terjadi di sekitar lereng gunung agung seperti di tulamben kubupasca erupsi asap putih dari kawah dan kadang disertai hembusan terang sutopo dalam keterangan resmi dikutip minggu 2412 lihat jugagunung agung semburkan lagi asap kelabu setinggi 2500 metersaat ini gunung agung masih ditetapkan dalam status awas karena aktivitas di gunung tersebut terbilang tinggi status awas ini berlaku untuk radius 810 kilometer dari puncak kawah gunung agungartinya masyarakat dilarang melakukan aktivitas apapun di dalam radius 810 kilometer dari puncak kawah di luar area itu aktivitas dapat berjalan normal dan masih tetap aman papar sutopo sutopo menyebut jumlah pengungsi gunung agung saat ini mencapai 71045 jiwa dan tersebar di 239 titik sebanyak 42928 jiwa di kabupaten karangasem 11441 jiwa di kabupaten klungkung 9938 jiwa di kabupaten buleleng dan 977 jiwa di kabupaten banglikemudian sebanyak 3502 jiwa di kabupaten gianyar 205 jiwa di kabupaten jembrana 730 jiwa ada di kabupaten tabanan 590 jiwa di kabupaten badung dan 734 jiwa di kota denpasarpemenuhan kebutuhan dasar bagi para pengungsi akan terus dipenuhi oleh pemerintah dan pemerintah daerah pemda dibantu dari dunia usaha ngo relawan dan masyarakat jelas sutopolihat jugamenpar gejolak gunung agung guncang target kunjungan turissutopo memastikan erupsi yang terjadi dalam dua hari berturutturut ini tidak menimbulkan kerusakan di sekitarnya sehingga masyarakat tetap bisa beraktivitas normal di balijustru banyak masyarakat di sekitar bali menikmati erupsi saat ini masyarakat sudah teredukasi dengan cukup baik mengenai erupsi dan ancaman dari gunung agung tutur sutopokondisi tersebut terbilang tidak membahayakan selama berada di luar radius yang ditetapkan oleh pusat vulkanologi dan mitigasi bencana geologi pvmbgmasyarakat diimbau untuk tetap tenang jangan terpancing pada informasi yang meresahkan pungkas sutopo gil,True
,erupsi klungkung bali,https://www.cnnindonesia.com/nasional/20171129191547-20-259065/karangasem-tetapkan-tanggap-darurat-bencana-gunung-agung,2017-11-29 19:26:00,cnnindonesia.com,"




",judul author tanggal rabu 29 nov 2017 1926 wib jakarta cnn indonesia pemerintah kabupaten karangasem bali menetapkan tanggap darurat bencana akibat erupsi gunung agung akses anggaran pun akan dipemudah terutama bagi bantuan logistik sebanyak 43358 pengungsimengingat bahaya letusan gunung agung makin meningkat baik bahaya primer yaitu material piroklastik letusan gunung agung maupun bahaya sekunder berupa banjir lahar hujan juga penanganan pengungsi dan dampak lainnya maka bupati karangasem telah menetapkan keadaan tanggap darurat bencana di kabupaten karangasem papar kepala pusat data informasi dan humas badan nasional penanggulangan bencana bnpb sutopo purwo nugroho dalam keterangan tertulis rabu 2911lihat jugagunung agung kembali tremor berskala tinggistatus tanggap darurat berlangsung selama 14 hari yakni mulai 27 november hingga 10 desember masa tanggap darurat bencana ini kata dia dapat diperpanjang atau diperpendek sesuai kebutuhan penanganan darurat di lapangan menurut sutopo status tanggap darurat tersebut membuat bnpb dan bpbd mempunyai kemudahan akses untuk mengerahkan sumber daya manusia peralatan logistik imigrasi cukai karantina perizinan pengadaan barangjasa pengelolaan dan pertanggungjawaban uang danatau barang penyelamatan dan komando untuk memerintahkan instansilembagaini diperlukan mengingat penanganan bencana harus cepat dan tepat apalagi penanganan erupsi gunung api biasanya lama imbuh dia hingga rabu 2911 pukul 1800 wita sutopo menyebut pusat pengendali operasi pusdalops bpbd provinsi bali mencatat jumlah pengungsi sudah mencapai 43358 jiwa yang tersebar di 229 titik pengungsian rinciannya pengungsi di kabupaten buleleng 5992 jiwa klungkung 7790 jiwa karangasem 22738 jiwa bangli 864 jiwa tabanan 657 jiwa kota denpasar 1488 jiwa gianyar 2968 jiwa badung 549 jiwa dan jembrana 312 jiwalihat jugagubernur bali sebut tiga faktor jaga pariwisatagubernur bali telah menghimbau agar masyarakat mengungsi di sekitar karangasem saja tidak perlu yang jauhjauh karena akan memudahkan penanganan pengungsi namun demikian masyarakat tetap mengungsi ke luar karangasem bahkan ada yang mengungsi ke lombok ungkap dianamun masih ada warga yang belum mengungsi menurut sutopo ada 22 desa dengan penduduk sekitar 90000 hingga 100000 jiwa yang berada di radius berbahaya gunung agung yakni 810 km dari puncak para penduduk ini masih enggan mengungsi karena kurangnya pemahaman alasan spiritualitas alasan ternak dan pertanian serta alasan rumahpadahal pada selasa 2811 pukul 1300 wita terjadi tremor menerus yang overscale yang kemudian terjadi letusan disertai lontaran batu hingga di radius 4 km dari puncak kawah masyarakat dihimbau untuk mengungsi dengan tertib dan tenang pemerintah pasti akan memberikan bantuan di pengungsian sesuai dengan ketentuan yang ada ucap sutoponamun demikian kurangnya bantuan logistik masih dikeluhkan oleh salah satu pengungsi kadek bawa warga asal banjar besakih kawan ini menyebut pengungsi gunung agung yang membuat tenda mandiri di halaman unit pelayanan teknis dinas uptd pertanian tanaman pangan dan hortikultura di desa rendang karangasem mengalami kekurangan bantuan logistiklihat jugakesaksian warga di malam mencekam erupsi gunung agunguntuk satu kepala keluarga kk hanya diberikan jatah beras 25 kilogram kg dua butir telur dan empat buah buncis yang harus mencukupi untuk empat hari ke depan setelah empat hari baru boleh mengambil jatah lagi ujarnya di posko uptd desa rendang karangasem seperti dikutip dari antara rabu 2911pihaknya tidak mengerti tentang penyebab minimnya bantuan ini selama delapan hari mengungsi 2129 november 2017 di posko ini pihaknya selalu membeli makanan tambahan sendiri untuk lima orang anggota keluarganyabawa berharap pemerintah daerah setempat memikirkan nasib para pengungsi lainnya yang ada di tempat itu agar mendapat bantuan sesuai dengan kebutuhan pengungsi arhgil,True
,erupsi klungkung bali,https://www.cnnindonesia.com/nasional/20190421203822-20-388306/gunung-agung-dua-kali-erupsi-hujan-abu-vulkanik-3000-meter,2019-04-21 20:47:00,cnnindonesia.com,"




",judul author tanggal minggu 21 apr 2019 2047 wib jakarta cnn indonesia gunung agung di kabupaten karangasem bali kembali erupsi pada minggu 214 pukul 1856 wita dengan durasi kurang lebih 1 menit 22 detikberdasarkan hasil pos pengamatan gunung agung tinggi kolom abu vulkanik mencapai 3000 meter di atas puncak kawah atau 6142 meter di atas permukaan lautlihat jugagunung agung erupsi hujan abu vulkanik hingga 2000 meterkolom abu vulkanik kelabu tebal tertiup angin condong ke arah barat ujar kepala pusat data dan informasi humas badan nasional penanggulangan bencana sutopo purwo nugroho melalui keterangan tertulis sutopo mengatakan erupsi ini disertai lontaran batu pijar di sekitar puncak gunung agung sementara lontaran material letusan abu vulkanik dan pasir mencapai 2500 hingga 3000 meter dari puncak ke segala arahsuara letusan terdengar hingga bangli dan klungkung katanya dampak erupsi tersebut lanjut sutopo diprediksi menyebabkan hujan abu di sekitar gunung agung khususnya di wilayah selatan hingga barat daya sesuai pemantauan citra satelit himawarilihat jugagunung agung kembali meletus warga mulai dibagikan maskeria mengatakan erupsi ini lebih besar dibandingkan erupsi pukul 0321 wita pagi tadi dengan tinggi kolom abu vulkanik 2000 meterkendati demikian sutopo memastikan tak ada korban jiwa akibat erupsi masyarakat di sekitar gunung agung kata dia juga tak perlu mengungsi karena status masih dalam level iii atau siagamasyarakat diimbau tidak melakukan pendakian atau melakukan aktivitas apapun di radius empat kilometer dari kawah puncak gunung agung ucapnyasutopo juga meminta masyarakat di sekitar aliran sungai yang berhulu di gunung agung waspada terhadap potensi aliran lahar hujansementara untuk aktivitas di bandara internasional ngurah rai hingga saat ini masih normal erupsi itu kata sutopo tak berdampak pada aktivitas penerbanganaktivitas masyarakat tetap normal bali aman tutur sutopolihat jugagunung agung masih erupsi tinggi kolom abu 700 meter psppmg,True
,erupsi klungkung bali,https://www.cnnindonesia.com/nasional/20190421084243-20-388160/gunung-agung-erupsi-hujan-abu-vulkanik-hingga-2000-meter,2019-04-21 08:48:00,cnnindonesia.com,"




",judul author tanggal minggu 21 apr 2019 0848 wib jakarta cnn indonesia gunung agung di kabupaten karangasem bali kembali erupsi pusat vulkanologi dan mitigasi bencana geologi pvmbg mencatat erupsi gunung agung membuat hujan abu vulkanik setinggi 2000 meter atau 5142 meter di atas permukaan laut pada pukul 0321 wita minggu 214 kolom abu vulkanik teramati berwarna kelabu dengan intensitas tebal condong ke arah barat daya pos pengamatan gunung agung pvmbg merekam di seismogram dengan amplitudo maksimum 25 mm dan durasi sekitar 2 menit 55 detiksejumlah wilayah yang terdapak abu vulkanik dengan intensitas tipis hingga tebal yakni bangli dan klungkung di kabupaten karangasem dan beberapa daerah di kecamatan selat dan bebandem tidak ada korban jiwa tidak ada pengungsian aktivitas masyarakat normal aktivitas car free day di lapangan klungkung dan seputaran perempatan agung berjalan normal badan penanggulangan bencana daerah bpbd telah membagikan ribuan masker kepada masyarakat ujar kepala pusat data informasi dan humas badan nasional penanggulangan bencana sutopo purwo nugroholihat jugagunung merapi empat kali luncurkan lava pijarhingga kini bandara internasional igk ngurah rai terpantau beraktivitas normal seluruh penerbangan beroperasi normal dan tidak terpengaruh dari erupsi gunung agung status gunung agung tetap siaga level iii masyarakat pendaki dan wisatawan dilarang beraktivitas dalam radius 4 km dari puncak kawah namanya gunung aktif erupsi adalah fenomena biasa tidak akan menjadi bencana jika masyarakat berada di radius aman tidak perlu khawatir berlebihan ikuti rekomendasi pvmbg imbuh sutopogunung bromo juga terpantau masih erupsi erupsi gunung ini mengeluarkan abu vulkanik dari kawah dengan suara gemuruh dan tremor belum ada tandatanda yang menunjukkan aktivitas erupsi gunung bromo menurunstatus tetap waspada level ii dengan zona berbahaya adalah di dalam radius 1 km dari puncak kawah masyarakat pendaki dan wisatawan dilarang melakukan aktivitas di dalam radius 1 kmlihat jugagunung agung semburkan abu setinggi 51 kmaktivitas bandara abdulrachman saleh malang berjalan normal pariwisata di kawasan gunung bromo pun aman pengunjung diimbau memakai masker dan kacamata untuk mengantisipasi terpaan hujan abu vulkanikbegitu juga dengan aktivitas gunung merapi guguran lava pijar berlangsung hampir setiap hari berdasarkan pengamatan bpptkg pada minggu dini hari pukul 00000600 wib teramati guguran lava pijar 4 kali jarak luncur 2501000 meter arah hulu kali gendolstatus gunung merapi tetap waspada level ii area dalam radius 3 km dari puncak diamankan dari aktivitas masyarakat masyarakat dapat beraktivitas seperti biasa di luar radius 3 km dari puncak aktivitas masyarakat berjalan normal termasuk pariwisata di sekitar gunung merapimasyarakat diimbau tetap tenang saat mendengar informasi gunung meletus tidak perlu panik itu fenomena yang alami gunung api meletus tandasnya bir,True
,erupsi klungkung bali,https://www.cnnindonesia.com/olahraga/20170930193156-178-245282/menpora-bagi-bagi-bola-pada-pengungsi-gunung-agung,2017-09-30 19:47:00,cnnindonesia.com,"




",judul author tanggal sabtu 30 sep 2017 1947 wib jakarta cnn indonesia menteri pemuda dan olahraga imam nahrawi menyumbang perlengkapan olahraga kepada pengungsi erupsi gunung agung di gelanggang olahraga gor swecapura klungkung bali sabtu 309gor swecapura ini merupakan titik terbesar lokasi pengungsian akibat peningkatan aktifitas gunung agung menpora hadir beserta jajaran untuk memberikan motivasi lewat sumbangan sarana olahragalihat jugaboaz solossa tak masuk skuat timnas indonesia lawan kambojapuluhan bola satu set lapangan tenis meja satu set bulutangkis beserta masker juga dibagikan menpora yang langsung berbaur dengan warga pengungsialhamdulillah berkat bantuan pak bupati sekolah kesehatan dan urusan logistik para pengungsi dapat tertangani dengan cermat teliti dan baik ujar menpora dalam laman resmi kemenpora dalam kunjungannya menpora juga didampingi dua atlet asal bali i gede siman sudartawa dan maria londa serta bupati klungkung i nyowan suwirta dan ketua koni bali ketut suwandimeski dalam keadaan waspada menpoa berharap para warga bisa menikmati situasi kebersamaan dengan olahraga bersamadalam keadaan menyesuaikan seperti ini kita harus mencari solusi agar lebih gembira dan senang melalui berolahraga saya hadir membawa lapangan tenis meja bola voli bola basket bola kaki dan badminton sempatkan waktu walau beberapa saat untuk berolahraga dan berkeringat pesannyalihat jugalewis hamilton raih pole vettel di posisi buncit gp malaysiadua atlet berbakat asal bali yaitu siman sudartawa dan maria londa juga menjadi motivator bagi anakanak yang berada di pengungsiankami bersyukur sudah banyak bantuan juga dari masyarakat karena saat ini saya masih fokus latihan jadi saya mendoakan mereka saat ini saya masih menunggu teman yang lain pulang dari pelatnas jika pas libur latihan kami berencana untuk ke sini memberi motivasi dan bermain bersama terutama dengan olahraga ucap siman,True
,erupsi klungkung bali,https://www.cnnindonesia.com/nasional/20170928193541-20-244756/puan-lombok-siap-tampung-pengungsi-gunung-agung,2017-09-28 21:16:00,cnnindonesia.com,"




",judul author tanggal kamis 28 sep 2017 2116 wib jakarta cnn indonesia menteri koordinator bidang pembangunan manusia dan kebudayaan menko pmk puan maharani menyatakan pulau lombok pun siap menampung pengungsi bencana gunung agungpulau yang menjadi pusat pemerintahan provinsi nusa tenggara barat ntb itu memang bersebelahan dengan pulau bali dan terdekat lokasi gunung agung yang berada di bagian timur pulau dewata itujika memang diperlukan kami sudah siapkan daerah tetangga di lombok tapi sampai saat ini belum diperlukan kata puan usai rapat tingkat menteri di kantor kemenko pmk jakarta kamis 289 sejauh ini pengungsi gunung agung berada di sembilan wilayah di bali yakni karangasem klungkung buleleng bangli tabanan gianyar badung jembrana dan denpasarsampai saat ini pengungsi masih konsentrasi di sembilan kabupatenkota itu ujar puan lihat jugamendeteksi gempa tremor sebelum gunung agung meletusmenteri koordinator pembangunan manusia dan kebudayaan puan maharani cnn indonesiaandry novelinolebih lanjut puan mengklaim pemerintah telah mengantisipasi kebutuhan para pengungsi gunung agung dengan menyediakan makanan hingga fasilitas kesehatan namun puan mengakui masih ada warga di sekitar gunung agung yang belum mau mengungsi karena enggan meninggalkan hewan ternaknyauntuk mengatasi permasalahan tersebut puan telah meminta semua kepala daerah memberi penjelasan kepada warga mengingat status gunung agung kini telah awasharus diberikan penjelasan agar mereka sadar harus mengungsi dari rumahnya demi keamanan dan keselamatan tutur puandi sisi lain puan memastikan tak ada kendala bagi anakanak pengungsi untuk bersekolah ia menjamin pihak badan nasional penanggulangan bencana bnpb dan kemendikbud telah menyiapkan polapola khusus jika nantinya memang diperlukan tenda darurat untuk bersekolahkami sudah siapkan skenario bagaimana anakanak itu bersekolah tapi jangan sampailah insyaallah kondisinya tidak jadi lebih buruk dari sekarang ucapnyapuskesmas dan klinik tutupsementara itu di tempat terpisah menteri kesehatan nila moeloek menyatakan ada dua puskesmas dan satu klinik yang tutup karena berada di dalam kawasan rawan bencana krb gunung agungada radius yang sudah kami petakan di situ ada dua puskesmas satu klinik dia di radius 3 km dari puncak gunung agung kita jaga di radius 12 km krb kata nila di pelabuhan indah kiat kota cilegon banten kamis 289ia pun menegaskan ketersediaan obatobatan dan tenaga medis akan siap selama 24 jam selama dibutuhkan pengungsi hingga status gunung agung dinyatakan aman oleh pvmbglihat jugamenyusur jalur lahar lereng gunung agungdi tempat yang sama panglima tni jenderal gatot nurmantyo menyatakan pihaknya pun siap siaga untuk membantu andai gunung agung meletustni mempunyai peralatan yang disiapkan untuk perang sehingga harus siap 24 jam ada dapur umum ada rumah sakit lapangan kapal rumah sakit ada jadi setiap saat dibutuhkan kita akan datang saya sudah bilang ke bu menteri menkes kata gatotsebelumnya kementerian perhubungan telah menyiapkan sepuluh bandara terdekat dari bandar udara internasional i gusti ngurah rai andai bandara itu tak bisa beroperasi akibat erupsi gunung agung,True
,erupsi klungkung bali,https://www.cnnindonesia.com/nasional/20170927143432-20-244365/wartawan-artis-dan-canda-ceria-anak-pengungsi-gunung-agung,2017-09-27 15:43:00,cnnindonesia.com,"




",judul author tanggal rabu 27 sep 2017 1543 wib bali cnn indonesia sore itu di salah satu sudut posko pengungsian gor swecapura klungkung bali tampak puluhan anak menyanyi dengan ceria mereka terpaksa mengungsi bersama keluarga mereka akibat meningkatnya status gunung agungtak nampak raut sedih dari mereka meskipun mereka harus tinggal sementara di posko lantaran daerah tempat tinggalnya berada di zona bahaya dari letusan gunung agunganakanak dirasa perlu mendapatkan perhatian khusus saat berada di posko pengungsian pasalnya anakanak berpotensi memiliki resiko mengalami trauma jangka panjang akibat kejadian yang dialaminya sewaktu kecil pendampingan kepada anakanak menjadi salah satu perhatian yang diberikan kepada para pengungsi bencana gunung agunglihat jugasituasi terkini dari gunung agungcnnindonesiacom sempat ikut bergabung bersama tim pos layanan dukungan psikososial pos ldp kementerian sosial untuk menghibur anakanak di gor swecapura saat berkunjung ke posko pada selasa 269ajakan tim tersebut kepada cnnindonesiacom bukan tanpa alasan tim tersebut mengungkapkan ajakan itu bertujuan untuk mengenalkan profesi wartawan kepada anakanak cnnindonesiacom pun mulai berinteraksi dengan anakanak diawali dengan berkenalan hingga berjoget bersama mereka pun tampak ceria dan penuh semangat menjawab berbagai pertanyaan dari cnnindonesiacomlihat jugaharapan para pengungsi di tengah kritisnya gunung agungsaat mereka ditanya tentang siapa itu wartawan mereka dengan kompak menjawab wartawan itu adalah artisartis soalnya sering tampil di tv celetuk seorang anak yang disambut gelak tawa sekitarketika kembali ditanya tentang siapa itu wartawan anakanak mulai mengangkat tangan untuk menjawab pertanyaanwartawan itu tugasnya mencari berita ujar salah seorang anak bernama kadek dengan lantanglihat jugabnpb pasang lima sirene peringatan dini letusan gunung agungcnnindonesiacom pun kemudian memberikan pertanyaan kedua kepada anakanakkalau sudah dapat berita tugas selanjutnya apabeberapa anak langsung mengangkat tangannya dan saling berebut untuk menjawab pertanyaanhabis itu disiarkan jawab ni luhfoto reutersdarren whitesidetak sampai di situ cnnindonesiacom kembali menyampaikan pertanyaan soal apa tujuan berita itu disiarkananakanak pun semakin bersemangat untuk bisa menjawab pertanyaan yang diajukanlihat jugadaerah terlarang di sekitar gunung agungagar berita tentang bencana bisa diketahui jawab putukeberadaan pos ldp di lokasi pengungsian begitu disambut baik oleh anakanak tampak keceriaan dan semangat yang selalu mereka tunjukkan dalam kegiatan tersebutsalah seorang relawan gunawan mengatakan pelayanan psikososial kepada anak di pengungsian diperlukan untuk mengembalikan kondisi mental anak agar harus bisa melakukan kegiatan yang sama seperti saat berada di rumahdulunya kata gunawan pelayanan tersebut disebut sebagai trauma healing namun karena tak semua pengungsi mengalami trauma maka diganti jadi dengan psikososialkarena belum tentu trauma dan kami tidak menjudge kata gunawanlihat jugapmi ajak warga indonesia untuk jadi relawan di balimenurut gunawan perlunya pendampingan kepada pengungsi anak dikarenakan anakanak merupakan kelompok rentan terhadap apapun yang terjadi dan dialaminya termasuk soal potensi erupsi gunung agung yang membuat mereka terpaksa angkat kaki dari rumah ke posko pengungsiankelompok yang risiko kalau tidak ditangani dengan maksimal mereka risikonya bisa panjang tutur gunawanstatus gunung agung di karangasem bali sudah ditingkatkan dari level iii menjadi level iv atau dari siaga ke awas jumat 22 september 2017 lalu akibatnya pemerintah daerah setempat bersama instansi lain sudah menetapkan radius wilayah 12 km dari puncak gunung untuk steril dari warga dan aktifitaspenetapan zona bahaya itu membuat seluruh warga yang ada di radius tersebut untuk mengungsi demi keselamatan dari ancaman erupsi gunung agung,True
,erupsi klungkung bali,https://www.cnnindonesia.com/nasional/20170927003522-20-244241/bnpb-pasang-lima-sirene-peringatan-dini-letusan-gunung-agung,2017-09-27 00:43:00,cnnindonesia.com,"




",judul author tanggal rabu 27 sep 2017 0043 wib bali cnn indonesia badan nasional penanggulangan bencana bnpb telah menyiapkan lima sirene sebagai tanda peringatan dini jika nantinya gunung agung meletushal tersebut disampaikan kepala bnpb willem rampangilei di posko pengungsian gor swecapura klungkung bali selasa 269menempatkan sirenesirene pada tempat yang tepat kami siapkan lima sirene ujarnya lima sirene tersebut di tempatkan di beberapa titik yang berada di radius 912 kilometer dari puncak gunung agung meski begitu willem tak menjelaskan secara rinci lokasi penempatan kelima sirene tersebutlihat jugadaerah terlarang di sekitar gunung agungwillem menuturkan bunyi sirene tersebut mampu menjangkau wilayah hingga radius 10 kilometerjangkauannya bisa sampai 510 kilometer tergantung tiupan angin sirene besar kuat kata willem selain itu bnpb juga telah menyiapkan berbagai upaya untuk menjamin keselamatan warga jika nantinya gunung agung meletussaat erupsi kami harus jamin masyarakat dijamin dengan baik ujarnyaaktivitas vulkanik gunung agung di karangasem bali semakin meningkat hal itu ditandai dengan jumlah gempa di sekitar gunung agung yang semakin meningkatpada selasa 269 pusat vulkanologi dan mitigasi bencana geologi pvbmg mencatat terjadi 564 gempa vulkanik dangkal 547 gempa vuknaik dangkal dan 89 gempa tektonik lokal kepala pusat data informasi dan humas bnpb sutopo purwo nugroho dalam keterangan tertulisnya mengatakan fase kritis tak bisa dijadikan sebagai dasar untuk memastikan bahwa gunung agung pasti meletus karena bergantung pada kekuatan dorongan magma ke permukaansementara itu bnpb mencatat jumlah pengungsi semakin bertambah sampai pagi ini total jumlah pengungsi sebanyak 57428 jiwa yang tersebar di 357 posko pengungsianpengungsi tersebut berasal dari desadesa yang masuk ke radius wilayah berbahaya yang berjarak 912 kilometer dari puncak gununglihat jugajokowi akui sulit tangani bencana gunung berapi ugo,True
,erupsi klungkung bali,https://www.cnnindonesia.com/nasional/20170926204322-20-244221/jokowi-akui-sulit-tangani-bencana-gunung-berapi,2017-09-26 20:52:00,cnnindonesia.com,"




",judul author tanggal selasa 26 sep 2017 2052 wib bali cnn indonesia presiden joko widodo mengatakan penanganan terhadap letusan gunung api bukanlah perkara mudah karena tidak ada kepastian kapan gunung akan meletushal tersebut disampaikan jokowi saat mengunjungi para pengungsi bencana gunung agung di posko pengungsian gor swecapura klungkung bali selasa 269kami juga belum dapat memprediksi dengan akurat kapan persisnya dan seberapa besar intensitasnya ujarnyalihat jugamereka yang enggan mengungsi di tengah ancaman erupsijokowi menuturkan pemerintah pusat pemerintah provinsi bali dan pemerintah kabupaten telah melakukan berbagai cara untuk itu meminimalisir kerugian yang akan menimpa masyarakatjokowi saat mengunjungi pengungsi erupsi gunung agung di bali cnn indonesiaandry novelinojokowi menyampaikan yang menjadi perhatian utama dalam penanganan bencana gunung agung adalah keselamatan warga untuk itu ia juga mengimbau kepada masyarakat di sekitar gunung agung untuk mematuhi segala instruksi yang diberikan oleh badan nasional penanggulangan bencana bnpb gubernur bupati hingga petugas di lapanganlihat jugastatus awas gunung agung tak hentikan kegiatan belajar siswaagar semuanya sekuat tenaga bisa meminimalisir seluruh dampak yang ada dari gunung agung ini kata jokowiia pun meminta kepada seluruh masyarakat untuk bersamasama memanjatkan doa agar dapat melewati situasi ini gunung agung saat ini berstatus awas dan sudah memasuki fase kritis gempa dan penggembungan di badan gunung sudah terjadi yang diindikasikan erupsi makin dkekatpengungsi terus bertambahsaat ini bnpb mencatat sudah ada 75673 mengungsi di lebih dari 377 posko di 9 kabupatenkota di bali diperkirakan data jumlah pengungsi masih bertambah karena pendataan masih terus dilakukan paling banyak pengungsi ada di kabupaten karangasem di mana terdapat 37812 jiwa di 93 titikkepala pusat data informasi dan humas bnpb sutopo purwo nugroho mengatakan jumlah pengungsi ini lebih besar dari pada penduduk yang tinggal di dalam radius berbahaya yang direkomendasikan untuk dikosongkan sesuai pernyataan wakil bupati karangasem jumlah penduduk yang harus dievakuasi adalah 62000 jiwalihat jugapvmbg terjadi penggembungan gunung agung mengarah ke letusansutopo menilai hal yang wajar jumlah pengungsi saat bencana ini saat letusan gunung merapi tahun 2010 pengungsi mencapai lebih dari 500000 jiwa saat radius berbahaya dinaikkan radius berbahaya dari 15 kilometer menjadi 20 kilometer padahal di peta jumlah penduduk di dalam radius 20 kilometer hanya sekitar 200000 jiwabegitu juga saat letusan gunung sinabung jumlah penduduk yang ada di dalam radius berbahaya dan harus mengungsi hanya sekitar 7000 jiwa saat dinaikkan status awas pada 24 desember 2014 namun yang mengungsi mencapai 11618 jiwa pada 26 november 2014 bahkan mencapai 30117 jiwa pada 23 januari 2015ada faktor psikologis dan sosial yang melatarbelakangi masyarakat ikut mengungsi saat seseorang mendengar ada ancaman atau bahaya dan melihat langsung masyarakat pada mengungsi maka secara naluriah orang tersebut akan ikut mengungsikata sutopo dalam keterangan resminya sur,True
,erupsi klungkung bali,https://www.cnnindonesia.com/olahraga/20171127113943-147-258302/abu-gunung-agung-sampai-ke-stadion-markas-bali-united,2017-11-27 12:40:00,cnnindonesia.com,"




",judul author tanggal senin 27 nov 2017 1240 wib jakarta cnn indonesia letusan gunung agung di bali telah menyebarkan abu vulkanik yang juga sampai ke daerah gianyar meski tipis abu vulkanik juga mulai menyelimuti stadion kapten i wayan dipta yang menjadi markas dari bali unitedkepala pengelola stadion i wayan dipta i ketut suantika membenarkan perihal erupsi gunung agung namun ia memastikan untuk wilayah gianyar masih tetap amanlihat jugagunung agung meletus bali united susun rencana cadanganerupsi memang tapi kalau stadion di gianyar tidak mengganggu pandangan dan pernapasan jadi masih tahap aman masih bisa buat latihan kata i ketut suantika kepada cnnindonesiacom senin 2711 abu vulkanik gunung agung sebenarnya sudah dari kemarin sampai di gianyar ada sedikit abu tapi tidak setebal di karangasem dan klungkung kalau saya baca berita letusan anginnya berembus ke utara ke laut sambungnyaabu vulkanik mulai berjatuhan ke rerumputan lapangan stadion kapten i wayan dipta gianyar yang menjadi markas bali united antara fotonyoman budhianakondisi stadion i wayan dipta saat ini juga sedikitsedikit mulai tertutup abu namun stadion tidak akan digunakan sementara untuk latihan bali unitedlihat jugameme lucu gol hantu lionel messiselain tim masih diliburkan stadion i wayan dipta juga kini sedang direnovasi jelang penampilan di piala afc perbaikan dilakukan mulai rumput juga bangunannya termasuk penambahan beberapa ruangan di dalam stadionstadion i wayan dipta gianyar saat ini tengah mengalami tahap renovasi untuk kemungkinan bali united tampil di piala afc dok bali unitedkalau rumput kami memang lagi disiapkan lagi recovery jadi sama sekali sedang tidak bisa digunakan untuk aktivitas bermain bola supaya dia landai tidak ada lubang dan ketebalan rumput supaya kita bisa lebih siap untuk pertandingan ucap suantikalihat jugaalasan pssi tunjuk gonzales latih timnas indonesia u19sejauh ini manajemen bali united juga belum memberikan informasi terkait pemindahan lokasi stadion untuk latihan dan markas timpemindahan tetap jadi opsi juga itu pasti sudah ada dan dipikiran manajemen kami belum dapat informasi sekarang ungkap suantika bac,True
,erupsi klungkung bali,https://www.cnnindonesia.com/nasional/20171128075614-20-258531/stok-air-minum-untuk-pengungsi-gunung-agung-menipis,2017-11-28 09:09:00,cnnindonesia.com,"




",judul author tanggal selasa 28 nov 2017 0909 wib jakarta cnn indonesia pengungsi gunung agung yang tersebar di sejumlah posko di kabupaten karangasem memerlukan air minum untuk bertahan di pengungsian mengantisipasi semakin dahsyatnya erupsi gunung tertinggi di bali itusalah satu posko pengungsi yang membutuhkan air minum adalah posko desa pesaban karangasem di posko itu persediaan air minum kemasan sudah menipis relawan pengungsi wayan rauh mengharapkan para donatur untuk menyiapkan sumbangannya berupa air mineral untuk keperluan minum lihat jugajatim siapkan posko pengungsi korban erupsi gunung agungkami mengharapkan kepada para donatur untuk menyiapkan sumbangannya berupa air mineral selain persediaan sembako serta kebutuhan lainnya kepada pengungsi kata rauh selasa 2811 seperti dilansir dari antararauh yang berasal dari desa kunyit mengatakan air mineral menjadi kebutuhan utama bagi para pengungsi dalam memenuhi ketahanan tubuhnya kami mengharapkan kebutuhan air mineral tersebut dalam upaya mengantisipasi letusan dahsyat gunung agung yang kini sudah pada level awas itu karena letusannya semakin dahsyat kami khawatir ketika itu terjadi pasokan air akan sulit kami dapatkan ucapnyasehari sebelumnya kementerian sosial menyatakan bakal memprioritaskan pemenuhan kebutuhan logistik guna melayani pengungsi akibat erupsi gunung agunglihat jugahadapi status gunung agung pengungsi butuh bantuan maskerpemenuhan logistik dilakukan dengan menyiapkan 11 mobil dapur umum lapanganratarata setiap dapur umum mampu menyediakan 1000 sampai 2000 bungkus makanan selama tiga kali sehari kata menteri sosial khofifah indar parawansabelasan dapur umum lapangan tersebut disiapkan kemensos di tujuh kabupatenkota masingmasing tabanan buleleng denpasar klungkung karangasem gianyar dan banglilihat jugamasyarakat diimbau hindari sungai yang berhulu di g agungselain itu dipastikan juga cadangan beras pemerintah cbp cukup untuk memenuhi kebutuhan semua pengungsi gunung agung saat ini pemerintah memiliki sebanyak 278 ribu ton beraskhofifah mengatakan hingga minggu 2611 jumlah pengungsi gunung agung yang terdata sebanyak 23737 jiwa yang tersebar di 224 titik djm,True
,erupsi klungkung bali,https://www.cnnindonesia.com/nasional/20171126122734-20-258135/abu-vulkanik-gunung-agung-sampai-di-mataram-lombok,2017-11-26 12:39:00,cnnindonesia.com,"




",judul author tanggal minggu 26 nov 2017 1239 wib jakarta cnn indonesia gunung agung masih bererupsi hingga siang ini minggu 2611 hujan abu vulkanik tipis dari erupsi gunung agung sampai di mataram lombok nusa tenggara baratungkapan itu disampaikan sutopo purwo nugroho kepala badan nasional penanggulangan bencana bnpb lewat akun media sosialnyahujan abu vulkanik tipis dari erupsi gunung agung sudah jatuh di kota mataram ntb masyarakat dihimbau menggunakan masker jika melakukan aktivitas di luar rumah bpbd ntb dan instansi lain menyiapkan 500000 lembar masker ungkapnya lihat jugagunung agung terus meletus erupsi capai 3000 metergambastwitterdari laporannya diketahui pukul 1159 wita erupsi gunung agung masih terus berlangsung erupsi terus menerus dengan kolom abu vulkanik hingga ketinggian 3000 meter dari kawah ia juga menyampaikan asap dan abu vulkanik kelabu tebal keluar dari kawah gunung agung tak ada lonjakan frekuensi kegempaan pvmbg masih terus mengevaluasi aktivitas vulkanis dan status tetap siaga level 3abu vulkanik mengarah ke timurtenggarasifat dan arah sebaran abu vulkanik tergantung dari arah angin ujar sutopo dari karangasem bali minggu 2611 seperti dilansir dari antaramenurutnya abu vulkanik gunung agung di kabupaten karangasem bali mengarah ke timurtenggara dengan ketinggian diperkirakan mencapai hingga 4000 meter berkecepatan 18 kilometer per jam analisis sebaran abu vulkanik dari satelit himawari bmkg menunjukkan bahwa sebaran abu mengarah ke timur hingga tenggara menuju ke daerah lombokgambastwittersebelumnya pvmbg telah mengeluarkan peringatan penerbangan melalui volcano observatory notice for aviation vona dinaikkan dari orange menjadi red atau merah status gunung agung masih siaga dengan rekomendasi di dalam radius 675 kilometer dari puncak kawah harus tidak ada aktivitas masyarakatmasyarakat yang masih ada di dalam radius berbahaya segera mengungsi dengan tertib ucapnyalihat jugapvmbg keluarkan level merah peringatan penerbanganhujan abu dilaporkan terjadi di beberapa tempat seperti di desa duda utara desa duda timur desa pempetan desa besakih desa sideman desa tirta abang desa sebudi desa amerta bhuana di klungkung dan juga terjadi di beberapa desa di gianyarsutopo menuturkan meskipun terjadi erupsi beruntun tetapi tidak ada peningkatan aktivitas vulkanik dengan jumlah gempa vulkanik dangkal sebanyak lima kali gempa vulkanik dalam sebanyak empat kali dan tremor menerus terekam dengan amplitudo 12 mmgunung agung terus mengalami erupsi hingga minggu 2611 yakni pukul 0505 wita terjadi erupsi dengan tinggi kolom abu kelabu gelap bertekanan sedang mencapai 2000 meter kemudian pukul 0545 wita ketinggian mencapai 3000 meterpada pukul 0620 wita ketinggian erupsi sempat pula mencapai 3000 meter hingga 4000 meter dari puncak mengarah ke tenggara dengan kecepatan 18 km per jam rah,True
,erupsi klungkung bali,https://www.cnnindonesia.com/nasional/20170928215440-20-244789/aktivitas-meningkat-gunung-agung-keluarkan-asap,2017-09-28 22:15:00,cnnindonesia.com,"




",judul author tanggal kamis 28 sep 2017 2215 wib bali cnn indonesia gunung agung yang berada di karangasem bali mulai mengeluarkan asap yang berasal dari kawah gunungpusat vulkanologi dan mitigasi bencana geologi pvmbg menyampaikan asap sering keluar dari kawah gunung agungasap mulai sering keluar tadi pagi juga kelihatan begitu dari pos kami juga melaporkan di ketinggan 50100 meter dari puncak kata kepala pvmbg kasbani kamis 289 pantauan cnnindonesiacom dari pukul 17051753 wita di desa amed karangasem gunung agung terlihat mengeluarkan asap hitammenurut kasbani asap yang terpantau di pos pemantauan gunung agung masih berupa asap putihlihat jugapengungsi gunung agung tembus 134 ribu bantuan cukup 30 hariyang kami pantau dari bagian pos di rendang asap putih ujarnya asap putih yang terpantau tersebut lanjutnya merupakan campuran antara uap air dan kandungan gas vulkanik gunung agungkasbani mengatakan keluarnya asap dari kawah gunung agung tersebut menunjukkan peningkatan aktivitas vulkanik di dalamnyasebelum ke level awas belum pernah keluar selama dia gunung agung kondisi normal waspada belum keluar ucap kasbanikasbani menyampaikan keluarnya asap dari kawah gunung agung tidak mengindikasikan terjadinya erupsi karena erupsi harus disertai dengan keluarnya material vulkanikbelum erupsi erupsi harus material vulkanik yang dikeluarkan ini baru hembusanhembusan asap saja katanyadi sisi lain kasbani juga menuturkan sampai saat ini belum terjadi gempa tremor di gunung agunglihat jugasaat sapi jadi pengungsi gunung agunggempa tremor kata kasbani menunjukkan magma yang ada di dalam gunung sudah mencapai permukaan sehingga dalam hitungan menit hingga jam bisa diprediksi gunung akan meletuskasbani menuturkan hampir semua gunung api di indonesia selalu didahului dengan terjadinya gempa tremor sebelum akhirnya meletusbiasanya gunung api di indonesia umumnya begitu didahului gempa tremor ujarnyawarga berusaha kembali ke rumahnya setiap pagi dari posko pengungsi untuk memberi makan sapi peliharaannya cnn indonesiaandry novelinomeski begitu pvbmg tidak mengetahui secara pasti apakah letusan gunung api akan didahului dengan gempa tremor dulu atau tidak pasalnya saat meletus pada 1963 belum ada alat untuk yang digunakan untuk melalukan perekaman kegempaankami tidak tahu di gunung agung ini karena kan meletusnya tahun 1963 belum ada peralatan kalau di gunung merapi gunung sinabung sudah ada semua tapi umumnya begitu didahului gempa tremor tutur kasbanidi sisi lain kasbani juga menyampaikan letusan gunung api tidak tergantung pada waktu baik pagi siang ataupun malamtidak tergantung siang malamnya itu bisa kapan saja terjadi apakah siang atau malam ujarnyalihat jugamendeteksi gempa tremor sebelum gunung agung meletusmenurutnya letusan itu dipengaruhi oleh aktivitas magma atau vulkanik di dalam gunung agungitu dari dalam ya enggak tergantung siang atau malam gunung sinabung malam pernah meletus siang juga pernah tuturnyaevakuasi pasienrumah sakit karangasem di bali mulai memindahkan pasiennya ke tempat yang lebih aman dari gunung agung hal itu disampaikan menteri kesehatan nilla f moeloekrumah sakit di karangasem tetap siaga tetapi sudah kita lakukan penggeseran pasien sudah kita geser ke klungkung dan gianyar kata nilla saat ditemui di pelabuhan indah kiat kota cilegon bantenpara pengungsi gunung berapi itu termasuk anakanak mulai terkena infeksi saluran pernapasan akut ispapenyakit ispa tinggi karena tempat tidur mereka terganggu saya lihat anakanak sudah mulai terganggu terangnyakemenkes dan tni pun telah membuka posko pengungsian dan prajuritnya telah diperbantukan sebagai tenaga mediskami bersama tni dan mitra lainnya membuat posko pengungsian sampai ke rumah sakit sanglah yang tertinggi kami siap menerima bantuan kata nilla,True
,erupsi klungkung bali,https://www.cnnindonesia.com/nasional/20170926092547-20-244053/jokowi-serahkan-rp71-miliar-untuk-pengungsi-gunung-agung,2017-09-26 09:48:00,cnnindonesia.com,"




",judul author tanggal selasa 26 sep 2017 0948 wib jakarta cnn indonesia presiden joko widodo dijadwalkan meninjau para pengungsi erupsi gunung agung di provinsi bali dan akan menyerahkan bantuan senilai lebih dari rp71 miliar selasa 269bantuan presiden tersebut dalam berbagai bentuk barang senilai lebih dari rp71 miliar kata direktur jenderal perlindungan dan jaminan sosial kementerian sosial harry hikmat saat dihubungi antaradirjen harry menguraikan bantuan yang diserahkan berupa 5000 lembar selimut 18230 lembar matras 520000 lembar masker 12000 kilogram beras serta kebutuhan lainnyalihat jugagunung agung masuki fase kritis pengungsi capai 57 ribulebih lanjut harry mengatakan dari berbagai sumber terdata sebanyak 59820 jiwa warga yang tinggal di sekitar wilayah terdampak erupsi gunung agung di provinsi bali mengungsi ke sejumlah titik pengungsian yang tersebar di daerah itu kementerian sosial sebelumnya juga sudah menyalurkan bantuan darurat bencana serta menyiapkan personel dari berbagai unsur seperti taruna siaga bencana dan pilar sosial lainnyalihat jugapvmbg terjadi penggembungan gunung agung mengarah ke letusankemensos juga mendirikan dapur umum lapangan di 10 titik yaitu di posko candi kuning bedugul tabanan posko dinas sosial bangli posko dinsos kota denpasar posko klungkung 2 posko klungkung 3 posko gor sueca pura gelgel posko bandem karangasem posko ulakan posko utama karangasem dan posko tembok bulelengpresiden joko widodo dan ibu negara iriana jokowi melanjutkan kunjungan kerja ke provinsi bali usai meresmikan jalan tol semarangsolo seksi iii bawensalatiga di gerbang tol salatiga kelurahan tingkir tengah kecamatan tingkir kota salatiga provinsi jawa tengahlihat jugabnpb belum ada perluasan zona bahaya erupsi gunung agungpresiden dan iriana yang didamping sekretaris kabinet pramono anung dan menteri agraria dan tata ruangkepala bpn sofyan djalil bertolak ke bali melalui bandar udara internasional ahmad yani semarang jawa tengah pada senin pukul 1715 wib dengan pesawat kepresidenan indonesia1 oscgil,True
,erupsi klungkung bali,https://www.cnnindonesia.com/ekonomi/20170926110859-85-244076/pln-siaga-hadapi-bencana-gunung-agung,2017-09-26 11:40:00,cnnindonesia.com,"




",judul author tanggal selasa 26 sep 2017 1140 wib jakarta cnn indonesia pt pln mengaku telah menyiapkan strategi untuk menghadapi bencana gunung agung yang berstatus level iv awas sejak jumat 229 malamsejumlah antisipasi telah dilakukan oleh pln guna menghadapi bencana gunung agung saat ini seluruh suplai listrik di kawasan karangasem dipasok melalui gardu induk amlapura yang masuk dalam kawasan rawan bencana gunung agung ujar general manager pln distribusi bali nyoman suwarjoni astawa di denpasar seperti dikutip dari antara selasa 269suwarjoni menjelaskan apabila terjadi letusan atau erupsi gunung agung maka aliran listrik di wilayah tersebut akan dipadamkan namun prosedur pengamanan pasokan listrik dan aset kelistrikan pln telah disiapkan melalui koordinasi antarunit pln untuk memastikan keamanannyalihat jugamereka yang enggan mengungsi di tengah ancaman erupsiia menjelaskan tidak hanya melakukan kesiapan prosedur dalam pengamanan listrik saat bencana alam pln juga telah menyiapkan pasokan listrik di lokasi pengungsian warga masyarakat total 13 unit genset telah disiagakan di kawasan daerah abang manggis sidemen klungkung rendang dan tejakula petugas juga sudah kami siagakan untuk menjaga pasokan listrik dan membantu kebutuhan masyarakat di posko jumlah personil teknik dan pegawai yang disiapkan oleh pln lebih dari 50 personil teknik dan tim penanggulangan bencana ujarnyalihat jugagunung agung masuki fase kritis pengungsi capai 57 ributerkait dengan kebutuhan kelistrikan di sekitar lokasi pelanggan dapat menghubungi pln melalui contact center pln 123 pelanggan juga dapat menghubungi kantor pln rayon klungkung 0366 25499 25599 pln rayon tejakula 0362 3436356 dan pln rayon karangasem atau petugas pln di gardu induk amlapura irwanto 081339571522 atau ardani 085238670557petugas kami terus siaga di seluruh posko untuk membantu masyarakat yang saat ini dalam menghadapi bencana gunung agung pungkasnya agi,True
